cod_item,cod_item_pai,nome,situacao,dat_versao,dsc_caminho_completo
2,,PROCESSO CÍVEL E DO TRABALHO,A,2025-09-11 16:34:41,
5,,SUPERIOR TRIBUNAL DE JUSTIÇA,A,2025-09-11 16:34:41,
7,1107,Procedimento Comum Cível,A,2025-09-11 16:34:41,
22,1107,Procedimento Sumário,I,2025-09-11 16:34:41,
26,1107,Procedimentos Especiais,A,2025-09-11 16:34:41,
27,26,Procedimentos Especiais de Jurisdição Contenciosa,A,2025-09-11 16:34:41,
28,27,Anulação e Substituição de Títulos ao Portador,I,2025-09-11 16:34:41,
29,27,Apreensão e Depósito de Coisa Vendida com Reserva de Domínio,I,2025-09-11 16:34:41,
30,27,Arrolamento Comum,A,2025-09-11 16:34:41,
31,27,Arrolamento Sumário,A,2025-09-11 16:34:41,
32,27,Consignação em Pagamento,A,2025-09-11 16:34:41,
34,27,Demarcação / Divisão,A,2025-09-11 16:34:41,
35,27,Depósito,I,2025-09-11 16:34:41,
37,27,Embargos de Terceiro Cível,A,2025-09-11 16:34:41,
38,27,Habilitação,A,2025-09-11 16:34:41,
39,27,Inventário,A,2025-09-11 16:34:41,
40,27,Monitória,A,2025-09-11 16:34:41,
41,27,Nunciação de Obra Nova,I,2025-09-11 16:34:41,
44,27,Prestação de Contas - Oferecidas,I,2025-09-11 16:34:41,
45,27,Ação de Exigir Contas,A,2025-09-11 16:34:41,
46,27,Restauração de Autos Cível,A,2025-09-11 16:34:41,
47,27,Ação Rescisória,A,2025-09-11 16:34:41,
48,27,Sobrepartilha,A,2025-09-11 16:34:41,
49,27,Usucapião,A,2025-09-11 16:34:41,
50,26,Procedimentos Especiais de Jurisdição Voluntária,A,2025-09-11 16:34:41,
51,50,"Abertura, Registro e Cumprimento de Testamento",A,2025-09-11 16:34:41,
52,50,Alienação Judicial de Bens,A,2025-09-11 16:34:41,
53,50,Arrecadação das Coisas Vagas,A,2025-09-11 16:34:41,
54,50,Confirmação de Testamento,A,2025-09-11 16:34:41,
55,50,Declaração de Ausência,A,2025-09-11 16:34:41,
56,50,Especialização de Hipoteca Legal,I,2025-09-11 16:34:41,
57,50,Herança Jacente,A,2025-09-11 16:34:41,
58,50,Interdição/Curatela,A,2025-09-11 16:34:41,
59,50,Organização e Fiscalização de Fundação,A,2025-09-11 16:34:41,
60,50,Separação Consensual,A,2025-09-11 16:34:41,
61,50,Tutela e Curatela -  Nomeação,I,2025-09-11 16:34:41,
62,26,"Procedimentos Regidos por Outros Códigos, Leis Esparsas e Regimentos",A,2025-09-11 16:34:41,
63,62,Ação Civil Coletiva,A,2025-09-11 16:34:41,
64,62,Ação Civil de Improbidade Administrativa,A,2025-09-11 16:34:41,
65,62,Ação Civil Pública,A,2025-09-11 16:34:41,
66,62,Ação Popular,A,2025-09-11 16:34:41,
69,62,Alimentos - Lei Especial Nº 5.478/68,A,2025-09-11 16:34:41,
72,62,Alteração do Regime de Bens,I,2025-09-11 16:34:41,
74,62,Alvará Judicial - Lei 6858/80,A,2025-09-11 16:34:41,
76,62,Apreensão de Embarcações,I,2025-09-11 16:34:41,
77,62,Arribadas Forçadas,I,2025-09-11 16:34:41,
79,62,Regulação de Avaria Grossa,I,2025-09-11 16:34:41,
80,62,Avarias,I,2025-09-11 16:34:41,
81,62,Busca e Apreensão em Alienação Fiduciária,A,2025-09-11 16:34:41,
82,62,Cancelamento de Naturalização,A,2025-09-11 16:34:41,
83,175,Cautelar Fiscal,A,2025-09-11 16:34:41,
84,62,Cobrança de Cédula de Crédito Industrial,A,2025-09-11 16:34:41,
85,62,Compromisso Arbitral,A,2025-09-11 16:34:41,
86,62,Consignatória de Aluguéis,A,2025-09-11 16:34:41,
87,62,Conversão de Separação Judicial em Divórcio,A,2025-09-11 16:34:41,
88,1198,Correição Parcial ou Reclamação Correicional,A,2025-09-11 16:34:41,
89,62,Depósito da Lei 8. 866/94,A,2025-09-11 16:34:41,
90,62,Desapropriação,A,2025-09-11 16:34:41,
91,62,Desapropriação Imóvel Rural por Interesse Social,A,2025-09-11 16:34:41,
92,62,Despejo,A,2025-09-11 16:34:41,
93,62,Despejo por Falta de Pagamento,A,2025-09-11 16:34:41,
94,62,Despejo por Falta de Pagamento Cumulado Com Cobrança,A,2025-09-11 16:34:41,
95,62,Ação Direta de Inconstitucionalidade,A,2025-09-11 16:34:41,
96,62,Discriminatória,A,2025-09-11 16:34:41,
97,62,Dissolução e Liquidação de Sociedade,I,2025-09-11 16:34:41,
98,62,Divórcio Consensual,I,2025-09-11 16:34:41,
99,62,Divórcio Litigioso,I,2025-09-11 16:34:41,
100,62,Dúvida,A,2025-09-11 16:34:41,
107,62,Expropriação da Lei 8.257/91,A,2025-09-11 16:34:41,
108,62,"Falência de Empresários, Sociedades Empresáriais, Microempresas e Empresas de Pequeno Porte",A,2025-09-11 16:34:41,
110,62,Habeas Data Cível,A,2025-09-11 16:34:41,
111,62,Habilitação de Crédito,A,2025-09-11 16:34:41,
112,62,Homologação de Transação Extrajudicial,I,2025-09-11 16:34:41,
113,62,Imissão na Posse,A,2025-09-11 16:34:41,
114,62,Impugnação de Crédito,A,2025-09-11 16:34:41,
115,62,Inquérito Extrajudicial,A,2025-09-11 16:34:41,
118,62,Mandado de Injunção,A,2025-09-11 16:34:41,
119,62,Mandado de Segurança Coletivo,A,2025-09-11 16:34:41,
120,62,Mandado de Segurança Cível,A,2025-09-11 16:34:41,
121,62,Naturalização,A,2025-09-11 16:34:41,
122,62,Opção de Nacionalidade,A,2025-09-11 16:34:41,
123,62,Averiguação de Paternidade,A,2025-09-11 16:34:41,
124,62,Pedido de Resposta ou Retificação da Lei de Imprensa,A,2025-09-11 16:34:41,
127,62,Protesto Formado a Bordo,I,2025-09-11 16:34:41,
128,62,Recuperação Extrajudicial,A,2025-09-11 16:34:41,
129,62,Recuperação Judicial,A,2025-09-11 16:34:41,
134,62,Registro Torrens,A,2025-09-11 16:34:41,
135,62,Relatório Falimentar,A,2025-09-11 16:34:41,
136,62,Remição do Imóvel Hipotecado,A,2025-09-11 16:34:41,
137,62,Renovatória de Locação,A,2025-09-11 16:34:41,
138,62,Restituição de Coisa ou Dinheiro na Falência do Devedor Empresário,A,2025-09-11 16:34:41,
140,62,Revisional de Aluguel,A,2025-09-11 16:34:41,
141,62,Separação Litigiosa,I,2025-09-11 16:34:41,
142,62,Sonegados,A,2025-09-11 16:34:41,
143,62,Suprimento de Idade e/ou Consentimento,A,2025-09-11 16:34:41,
144,62,Suspensão de Liminar ou Antecipação de Tutela,I,2025-09-11 16:34:41,
145,62,Suspensão de Execução de Sentença,I,2025-09-11 16:34:41,
150,1106,Procedimento de Liquidação,A,2025-09-11 16:34:41,
151,150,Liquidação por Arbitramento,A,2025-09-11 16:34:41,
152,150,Liquidação de Sentença pelo Procedimento Comum,A,2025-09-11 16:34:41,
153,150,Liquidação Provisória por Arbitramento,A,2025-09-11 16:34:41,
154,150,Liquidação Provisória de Sentença pelo Procedimento Comum,A,2025-09-11 16:34:41,
155,1106,Procedimento de Cumprimento de Sentença/Decisão,A,2025-09-11 16:34:41,
156,155,Cumprimento de sentença,A,2025-09-11 16:34:41,
157,155,Cumprimento Provisório de Sentença,A,2025-09-11 16:34:41,
158,2,Processo de Execução,A,2025-09-11 16:34:41,
159,158,Execução de Título Extrajudicial,A,2025-09-11 16:34:41,
165,158,Insolvência Civil,A,2025-09-11 16:34:41,
166,165,Insolvência Requerida pelo Credor,A,2025-09-11 16:34:41,
167,165,Insolvência Requerida pelo Devedor ou pelo Espólio,A,2025-09-11 16:34:41,
169,158,Embargos,A,2025-09-11 16:34:41,
170,169,Embargos à Adjudicação,I,2025-09-11 16:34:41,
171,169,Embargos à Arrematação,I,2025-09-11 16:34:41,
172,169,Embargos à Execução,A,2025-09-11 16:34:41,
173,169,Embargos de Retenção por Benfeitorias,I,2025-09-11 16:34:41,
175,2,Processo Cautelar,A,2025-09-11 16:34:41,
176,175,Alimentos - Provisionais,I,2025-09-11 16:34:41,
177,175,Apreensão de  Títulos,I,2025-09-11 16:34:41,
178,175,Arresto ,I,2025-09-11 16:34:41,
179,175,Arrolamento de Bens,I,2025-09-11 16:34:41,
180,175,Atentado,I,2025-09-11 16:34:41,
181,175,Busca e Apreensão,I,2025-09-11 16:34:41,
182,175,Caução,I,2025-09-11 16:34:41,
183,175,Cautelar Inominada,I,2025-09-11 16:34:41,
186,175,Exibição,I,2025-09-11 16:34:41,
188,175,Homologação do Penhor Legal,I,2025-09-11 16:34:41,
190,175,Justificação,I,2025-09-11 16:34:41,
191,175,Protesto,I,2025-09-11 16:34:41,
192,175,Posse em Nome do Nascituro,I,2025-09-11 16:34:41,
193,175,Produção Antecipada da Prova,I,2025-09-11 16:34:41,
194,175,Regulamentação de Visitas,I,2025-09-11 16:34:41,
195,175,Separação de Corpos,I,2025-09-11 16:34:41,
196,175,Seqüestro,I,2025-09-11 16:34:41,
197,2,Recursos,A,2025-09-11 16:34:41,
198,197,Apelação Cível,A,2025-09-11 16:34:41,
199,197,Remessa Necessária Cível,A,2025-09-11 16:34:41,
200,197,Agravos,A,2025-09-11 16:34:41,
202,200,Agravo de Instrumento,A,2025-09-11 16:34:41,
203,200,Agravo de Instrumento em Recurso Especial,I,2025-09-11 16:34:41,
204,200,Agravo de Instrumento em Recurso Extraordinário,A,2025-09-11 16:34:41,
206,200,Agravo Regimental Cível,A,2025-09-11 16:34:41,
207,197,Embargos,A,2025-09-11 16:34:41,
208,207,Embargos Infringentes,I,2025-09-11 16:34:41,
210,207,Embargos Infringentes na Execução Fiscal,A,2025-09-11 16:34:41,
211,197,Recurso Ordinário Cível,A,2025-09-11 16:34:41,
212,197,Recurso Extraordinário,A,2025-09-11 16:34:41,
213,197,Recurso Especial,A,2025-09-11 16:34:41,
214,2,Outros Procedimentos,A,2025-09-11 16:34:41,
215,214,Incidentes,A,2025-09-11 16:34:41,
216,215,Incidente De Arguição de Inconstitucionalidade Cível,A,2025-09-11 16:34:41,
218,215,Assistência Judiciária,I,2025-09-11 16:34:41,
221,215,Conflito de competência cível,A,2025-09-11 16:34:41,
224,215,Exceções,I,2025-09-11 16:34:41,
228,215,Exibição de Documento ou Coisa Cível,A,2025-09-11 16:34:41,
229,155,Impugnação ao Cumprimento de Sentença,I,2025-09-11 16:34:41,
230,215,Impugnação ao Pedido de Assistência Litisconsorcial ou Simples,I,2025-09-11 16:34:41,
231,215,Impugnação ao Valor da Causa Cível,I,2025-09-11 16:34:41,
232,215,Incidente de Falsidade,I,2025-09-11 16:34:41,
233,215,Incidente de Uniformização de Jurisprudência,I,2025-09-11 16:34:41,
234,215,Remoção de Inventariante,A,2025-09-11 16:34:41,
236,215,Oposição,A,2025-09-11 16:34:41,
237,214,Atos e expedientes,A,2025-09-11 16:34:41,
238,237,Avocatória,A,2025-09-11 16:34:41,
239,237,Habilitação para Casamento,A,2025-09-11 16:34:41,
240,237,Instrução de Rescisória,A,2025-09-11 16:34:41,
241,237,Petição Cível,A,2025-09-11 16:34:41,
242,237,Comunicação,A,2025-09-11 16:34:41,
244,62,Reclamação,I,2025-09-11 16:34:41,
251,237,Registro de Casamento Nuncupativo,A,2025-09-11 16:34:41,
256,1198,Representação por Excesso de Prazo,A,2025-09-11 16:34:41,
257,214,Cartas,A,2025-09-11 16:34:41,
258,257,Carta de Ordem Cível,A,2025-09-11 16:34:41,
261,257,Carta Precatória Cível,A,2025-09-11 16:34:41,
264,257,Carta Rogatória Cível,A,2025-09-11 16:34:41,
268,,PROCESSO CRIMINAL,A,2025-09-11 16:34:41,
269,268,Medidas Preparatórias,A,2025-09-11 16:34:41,
270,269,Notícia-Crime,I,2025-09-11 16:34:41,
271,277,Representação Criminal,A,2025-09-11 16:34:41,
272,271,Representação Criminal/Notícia de Crime,A,2025-09-11 16:34:41,
273,271,Pedido de Arquivamento em Representação Criminal,I,2025-09-11 16:34:41,
274,269,Interpelações,A,2025-09-11 16:34:41,
275,274,Notificação para Explicações,A,2025-09-11 16:34:41,
276,274,Notificação para Explicações (Lei de Imprensa),A,2025-09-11 16:34:41,
277,268,Procedimentos Investigatórios,A,2025-09-11 16:34:41,
278,277,Termo Circunstanciado,A,2025-09-11 16:34:41,
279,277,Inquérito Policial,A,2025-09-11 16:34:41,
280,277,Auto de Prisão em Flagrante,A,2025-09-11 16:34:41,
281,268,Procedimento Comum,A,2025-09-11 16:34:41,
282,281,Ação Penal de Competência do Júri,A,2025-09-11 16:34:41,
283,281,Ação Penal - Procedimento Ordinário,A,2025-09-11 16:34:41,
284,268,Processo Especial,A,2025-09-11 16:34:41,
285,284,Processo Especial do Código de Processo Penal,A,2025-09-11 16:34:41,
287,285,Crimes de Responsabilidade dos Funcionários Públicos,A,2025-09-11 16:34:41,
288,285,"Crimes de Calúnia, Injúria e Difamação de Competência do Juiz Singular",A,2025-09-11 16:34:41,
289,285,Crimes Contra a Propriedade Imaterial,A,2025-09-11 16:34:41,
290,285,Processo Sumário (Detenção),I,2025-09-11 16:34:41,
291,285,Restauração de Autos Criminal,A,2025-09-11 16:34:41,
292,284,Processo Especial de Leis Esparsas,A,2025-09-11 16:34:41,
293,292,Crimes Ambientais,A,2025-09-11 16:34:41,
294,292,Crimes Contra a Propriedade Industrial,A,2025-09-11 16:34:41,
295,292,Crimes Contra a Propriedade Intelectual,A,2025-09-11 16:34:41,
297,292,Crimes de Imprensa,A,2025-09-11 16:34:41,
299,292,Procedimento do Juizado Especial Criminal - Sumariíssimo,I,2025-09-11 16:34:41,
300,292,Procedimento Especial da Lei Antitóxicos,A,2025-09-11 16:34:41,
302,292,Procedimento Especial dos Crimes de Abuso de Autoridade,A,2025-09-11 16:34:41,
303,268,Medidas Garantidoras,A,2025-09-11 16:34:41,
304,303,Liberdade,A,2025-09-11 16:34:41,
305,304,Liberdade Provisória com ou sem fiança,A,2025-09-11 16:34:41,
306,304,Relaxamento de Prisão,A,2025-09-11 16:34:41,
307,303,Habeas Corpus Criminal,A,2025-09-11 16:34:41,
308,268,Medidas Cautelares,A,2025-09-11 16:34:41,
309,308,Pedido de Busca e Apreensão Criminal,A,2025-09-11 16:34:41,
310,308,Pedido de Quebra de Sigilo de Dados e/ou Telefônico,A,2025-09-11 16:34:41,
311,308,Medidas Investigatórias Sobre Organizações Criminosas,A,2025-09-11 16:34:41,
312,308,Pedido de Prisão,A,2025-09-11 16:34:41,
313,312,Pedido de Prisão Preventiva,A,2025-09-11 16:34:41,
314,312,Pedido de Prisão Temporária,A,2025-09-11 16:34:41,
315,312,Pedido de Prisão/ Liberdade Vigiada para Fins de Expulsão,I,2025-09-11 16:34:41,
316,268,Questões e Processos Incidentes,A,2025-09-11 16:34:41,
317,316,Exceções,A,2025-09-11 16:34:41,
318,317,Exceção de Suspeição,A,2025-09-11 16:34:41,
319,317,Exceção de Incompetência de Juízo,A,2025-09-11 16:34:41,
320,317,Exceção de Litispendência,A,2025-09-11 16:34:41,
321,317,Exceção de Ilegitimidade de Parte,A,2025-09-11 16:34:41,
322,317,Exceção de Coisa Julgada,A,2025-09-11 16:34:41,
323,317,Exceção de Impedimento,A,2025-09-11 16:34:41,
324,317,Exceção da Verdade,A,2025-09-11 16:34:41,
325,331,Conflito de Jurisdição,A,2025-09-11 16:34:41,
326,316,Restituição de Coisas Apreendidas,A,2025-09-11 16:34:41,
327,316,Embargos de Terceiro Criminal,A,2025-09-11 16:34:41,
328,316,Medidas Assecuratórias,A,2025-09-11 16:34:41,
329,328,Seqüestro,A,2025-09-11 16:34:41,
330,328,Arresto / Hipoteca Legal,A,2025-09-11 16:34:41,
331,316,Incidentes,A,2025-09-11 16:34:41,
332,331,Incidente de Falsidade,A,2025-09-11 16:34:41,
333,331,Insanidade Mental do Acusado,A,2025-09-11 16:34:41,
334,268,Cartas,A,2025-09-11 16:34:41,
335,334,Carta de Ordem Criminal,A,2025-09-11 16:34:41,
355,334,Carta Precatória Criminal,A,2025-09-11 16:34:41,
375,334,Carta Rogatória Criminal,A,2025-09-11 16:34:41,
385,,EXECUÇÃO PENAL E DE MEDIDAS ALTERNATIVAS,A,2025-09-11 16:34:41,
386,385,Execução da Pena,A,2025-09-11 16:34:41,
406,385,Incidentes,I,2025-09-11 16:34:41,
407,406,Conversão de Pena,I,2025-09-11 16:34:41,
408,406,Excesso ou Desvio,I,2025-09-11 16:34:41,
409,406,Anistia,I,2025-09-11 16:34:41,
410,406,Indulto,I,2025-09-11 16:34:41,
411,406,Comutação de Pena,I,2025-09-11 16:34:41,
412,268,Recursos,A,2025-09-11 16:34:41,
413,412,Agravo de Execução Penal,A,2025-09-11 16:34:41,
416,412,Apelação em Mandado de Segurança,I,2025-09-11 16:34:41,
417,412,Apelação Criminal,A,2025-09-11 16:34:41,
418,412,Carta Testemunhável,A,2025-09-11 16:34:41,
419,412,Correição Parcial Criminal,A,2025-09-11 16:34:41,
420,412,Embargos de Declaração Criminal,A,2025-09-11 16:34:41,
421,412,Embargos Infringentes e de Nulidade,A,2025-09-11 16:34:41,
422,412,Protesto por Novo Júri,I,2025-09-11 16:34:41,
424,412,Recurso de Medida Cautelar Criminal,A,2025-09-11 16:34:41,
425,412,Recurso de Sentença Criminal,I,2025-09-11 16:34:41,
426,412,Recurso em Sentido Estrito,A,2025-09-11 16:34:41,
427,412,Remessa Necessária Criminal,A,2025-09-11 16:34:41,
428,412,Revisão Criminal,I,2025-09-11 16:34:41,
432,331,Desaforamento de Julgamento,A,2025-09-11 16:34:41,
433,331,Incidente de Uniformização de Jurisprudência,I,2025-09-11 16:34:41,
436,1107,Procedimento do Juizado Especial Cível,A,2025-09-11 16:34:41,
457,215,Pedido de Uniformização de Interpretação de Lei Cível,A,2025-09-11 16:34:41,
460,197,Recurso Inominado Cível,A,2025-09-11 16:34:41,
547,,PROCEDIMENTOS DE INFÂNCIA E JUVENTUDE,A,2025-09-11 16:34:41,
976,1067,Ação Anulatória de Cláusulas Convencionais,A,2025-09-11 16:34:41,
980,1067,Ação de Cumprimento,A,2025-09-11 16:34:41,
985,1067,Ação Trabalhista - Rito Ordinário,A,2025-09-11 16:34:41,
986,1067,Inquérito para Apuração de Falta Grave,A,2025-09-11 16:34:41,
987,1067,Dissídio Coletivo,A,2025-09-11 16:34:41,
988,1067,Dissídio Coletivo de Greve,A,2025-09-11 16:34:41,
990,1068,Execução de Título Extrajudicial,A,2025-09-11 16:34:41,
991,1068,Execução de Termo de Ajuste de Conduta,A,2025-09-11 16:34:41,
992,1068,Execução de Termo de Conciliação de CCP,A,2025-09-11 16:34:41,
993,1068,Execução de Certidão de Crédito Judicial,A,2025-09-11 16:34:41,
994,1068,Execução Provisória em Autos Suplementares,A,2025-09-11 16:34:41,
1000,1209,Agravo,A,2025-09-11 16:34:41,
1001,1209,Agravo de Instrumento em Agravo de Petição,A,2025-09-11 16:34:41,
1002,1209,Agravo de Instrumento em Recurso de Revista,A,2025-09-11 16:34:41,
1003,1209,Agravo de Instrumento em Recurso Ordinário,A,2025-09-11 16:34:41,
1004,1209,Agravo de Petição,A,2025-09-11 16:34:41,
1005,1209,Agravo Regimental Trabalhista,A,2025-09-11 16:34:41,
1006,1071,Embargos,A,2025-09-11 16:34:41,
1007,1071,Embargos Infringentes,A,2025-09-11 16:34:41,
1008,1071,Recurso de Revista,A,2025-09-11 16:34:41,
1009,1071,Recurso Ordinário Trabalhista,A,2025-09-11 16:34:41,
1013,5,Agravo em Recurso de Habeas Corpus,A,2025-09-11 16:34:41,
1015,5,Embargos de Divergência em Recurso de Mandado de Segurança,I,2025-09-11 16:34:41,
1016,5,Embargos de Divergência em Agravo Regimental,A,2025-09-11 16:34:41,
1017,5,Embargos à Execução em Mandado de Segurança,A,2025-09-11 16:34:41,
1018,5,Embargos à Execução em Ação Recisoria,A,2025-09-11 16:34:41,
1019,5,Embargos à Execução em Medida Cautelar,A,2025-09-11 16:34:41,
1020,5,Execução em Ação Rescisória,A,2025-09-11 16:34:41,
1021,5,Execução em Sentença Estrangeira,A,2025-09-11 16:34:41,
1022,5,Execução em Sentença Estrangeira Contestada,A,2025-09-11 16:34:41,
1023,5,Execução em Mandado de Segurança,A,2025-09-11 16:34:41,
1024,5,Execução em Medida Cautelar,A,2025-09-11 16:34:41,
1025,5,Incidente de Deslocamento de Competência ,A,2025-09-11 16:34:41,
1026,5,Homologação de Decisão Estrangeira,A,2025-09-11 16:34:41,
1027,5,Sentença Estrangeira Contestada,A,2025-09-11 16:34:41,
1028,5,Sindicância,A,2025-09-11 16:34:41,
1029,5,Mandado de Segurança,A,2025-09-11 16:34:41,
1030,5,Reclamação,A,2025-09-11 16:34:41,
1031,5,Recurso Ordinário,A,2025-09-11 16:34:41,
1032,5,Recurso Especial,A,2025-09-11 16:34:41,
1033,5,Ação Penal,A,2025-09-11 16:34:41,
1034,5,Interpelação Judicial,A,2025-09-11 16:34:41,
1035,5,Apelação Cível,I,2025-09-11 16:34:41,
1036,5,Suspensão de Liminar e de Sentença,A,2025-09-11 16:34:41,
1037,5,Embargos Infringentes em Apelação Cível,I,2025-09-11 16:34:41,
1038,5,Representação,A,2025-09-11 16:34:41,
1040,5,Requisição de Pequeno Valor,A,2025-09-11 16:34:41,
1042,5,Inquérito,A,2025-09-11 16:34:41,
1044,5,Agravo de Instrumento,A,2025-09-11 16:34:41,
1045,5,Agravo em Recurso Extraordinário,A,2025-09-11 16:34:41,
1046,5,Agravo em Recurso de Mandado de Segurança,A,2025-09-11 16:34:41,
1047,5,Carta Rogatória,A,2025-09-11 16:34:41,
1049,5,Habeas Data,A,2025-09-11 16:34:41,
1053,5,Conflito de Atribuição,A,2025-09-11 16:34:41,
1054,5,Conflito de Competência,A,2025-09-11 16:34:41,
1057,5,Petição,A,2025-09-11 16:34:41,
1062,5,Medida Cautelar,A,2025-09-11 16:34:41,
1063,5,Exceção da Verdade,A,2025-09-11 16:34:41,
1064,5,Remessa Necessária em Habeas Corpus,A,2025-09-11 16:34:41,
1066,5,Embargos Infringentes em Ação Rescisória,I,2025-09-11 16:34:41,
1067,1107,Procedimentos Trabalhistas,A,2025-09-11 16:34:41,
1068,158,Processo de Execução Trabalhista,A,2025-09-11 16:34:41,
1070,214,Incidentes Trabalhistas,A,2025-09-11 16:34:41,
1071,197,Recursos Trabalhistas,A,2025-09-11 16:34:41,
1072,1070,Pedido de Revisão do Valor da Causa,A,2025-09-11 16:34:41,
1106,2,Processo de Conhecimento,A,2025-09-11 16:34:41,
1107,1106,Procedimento de Conhecimento,A,2025-09-11 16:34:41,
1111,158,Execução de Título Judicial,I,2025-09-11 16:34:41,
1112,1111,Execução de Alimentos,I,2025-09-11 16:34:41,
1114,1111,Execução Contra a Fazenda Pública,I,2025-09-11 16:34:41,
1116,158,Execução Fiscal,A,2025-09-11 16:34:41,
1117,158,Execução Hipotecária do Sistema Financeiro da Habitação,A,2025-09-11 16:34:41,
1118,169,Embargos à Execução Fiscal,A,2025-09-11 16:34:41,
1122,50,Tutela e Curatela - Remoção e Dispensa,I,2025-09-11 16:34:41,
1124,62,Justificação de Dinheiro a Risco,I,2025-09-11 16:34:41,
1125,1067,Ação Trabalhista - Rito Sumaríssimo,A,2025-09-11 16:34:41,
1126,1067,Ação Trabalhista - Rito Sumário (Alçada),A,2025-09-11 16:34:41,
1137,5,Embargos de Divergência em Recurso Especial,A,2025-09-11 16:34:41,
1145,1070,Conflito de Competência,I,2025-09-11 16:34:41,
1178,331,Incidente de Arguição de Inconstitucionalidade Criminal,A,2025-09-11 16:34:41,
1198,,PROCEDIMENTOS ADMINISTRATIVOS,A,2025-09-11 16:34:41,
1199,1198,Pedido de Providências,A,2025-09-11 16:34:41,
1202,1067,Reclamação,A,2025-09-11 16:34:41,
1208,200,Agravo Interno Cível,A,2025-09-11 16:34:41,
1209,1071,Agravos,A,2025-09-11 16:34:41,
1230,224,Exceção de Impedimento,I,2025-09-11 16:34:41,
1231,224,Exceção de Suspeição,I,2025-09-11 16:34:41,
1232,224,Exceção de Incompetência,I,2025-09-11 16:34:41,
1233,175,Efeito Suspensivo em Dissídio Coletivo,A,2025-09-11 16:34:41,
1262,1198,Processo Administrativo Disciplinar em face de Servidor,A,2025-09-11 16:34:41,
1264,1198,Processo Administrativo Disciplinar em face de Magistrado,A,2025-09-11 16:34:41,
1265,1198,Precatório,A,2025-09-11 16:34:41,
1266,1198,Requisição de Pequeno Valor,A,2025-09-11 16:34:41,
1267,1071,Recurso de Multa,A,2025-09-11 16:34:41,
1268,308,Medidas Protetivas de Urgência (Lei Maria da Penha)  - Criminal,A,2025-09-11 16:34:41,
1269,62,Habeas Corpus Cível,A,2025-09-11 16:34:41,
1271,197,Recurso de Medida Cautelar Cível,A,2025-09-11 16:34:41,
1283,406,Superveniência de doença mental,I,2025-09-11 16:34:41,
1284,406,Unificação de penas,I,2025-09-11 16:34:41,
1285,215,Conflito de atribuição,I,2025-09-11 16:34:41,
1288,406,Transferência entre estabelecimentos penais,I,2025-09-11 16:34:41,
1289,175,Outras medidas provisionais,I,2025-09-11 16:34:41,
1291,331,Reabilitação,A,2025-09-11 16:34:41,
1294,50,Outros procedimentos de jurisdição voluntária,A,2025-09-11 16:34:41,
1295,50,Alvará Judicial,I,2025-09-11 16:34:41,
1296,62,Ação Declaratória de Constitucionalidade,A,2025-09-11 16:34:41,
1297,62,Intervenção em Município,A,2025-09-11 16:34:41,
1298,1198,Processo Administrativo,A,2025-09-11 16:34:41,
1299,1198,Recurso Administrativo,A,2025-09-11 16:34:41,
1301,1198,Reclamação Disciplinar,A,2025-09-11 16:34:41,
1303,1198,Correição Extraordinária,A,2025-09-11 16:34:41,
1304,1198,Inspeção,A,2025-09-11 16:34:41,
1306,1198,Recurso em Processo Administrativo Disciplinar em face de Servidor,A,2025-09-11 16:34:41,
1307,1198,Correição Ordinária,A,2025-09-11 16:34:41,
1308,1198,Sindicância,A,2025-09-11 16:34:41,
1310,,SUPREMO TRIBUNAL FEDERAL,A,2025-09-11 16:34:41,
1311,1310,Ação Cautelar,A,2025-09-11 16:34:41,
1312,1310,Ação  Originária,A,2025-09-11 16:34:41,
1313,1310,Ação Declaratória de Constitucionalidade,A,2025-09-11 16:34:41,
1314,1310,Ação Direta de Inconstitucionalidade,A,2025-09-11 16:34:41,
1315,1310,Ação Cível Originária,A,2025-09-11 16:34:41,
1316,1310,Ação Originária Especial,A,2025-09-11 16:34:41,
1317,1310,Ação Penal,A,2025-09-11 16:34:41,
1318,1310,Ação Rescisória,A,2025-09-11 16:34:41,
1319,1310,Agravo Interno,I,2025-09-11 16:34:41,
1320,1310,Agravo de Instrumento,A,2025-09-11 16:34:41,
1321,1310,Agravo Regimental,A,2025-09-11 16:34:41,
1322,1310,Arguição de Descumprimento de Preceito Fundamental,A,2025-09-11 16:34:41,
1323,1310,Arguição de Suspeição,A,2025-09-11 16:34:41,
1324,1310,Carta Rogatória,I,2025-09-11 16:34:41,
1325,1310,Comunicação,A,2025-09-11 16:34:41,
1326,1310,Conflito de Competência,A,2025-09-11 16:34:41,
1327,1310,Embargos de Declaração,A,2025-09-11 16:34:41,
1328,1310,Embargos Divergentes,A,2025-09-11 16:34:41,
1329,1310,Embargos Infringentes,A,2025-09-11 16:34:41,
1330,1310,Extradição,A,2025-09-11 16:34:41,
1331,1310,Habeas Corpus,A,2025-09-11 16:34:41,
1332,1310,Habeas Data,A,2025-09-11 16:34:41,
1333,1310,Inquerito,A,2025-09-11 16:34:41,
1334,1310,Intervenção Federal,A,2025-09-11 16:34:41,
1335,1310,Mandado de Injunção,A,2025-09-11 16:34:41,
1336,1310,Mandado de Segurança,A,2025-09-11 16:34:41,
1337,1310,Medida Cautelar,A,2025-09-11 16:34:41,
1338,1310,Petição,A,2025-09-11 16:34:41,
1339,1310,Prisão Preventiva para Extradição,A,2025-09-11 16:34:41,
1340,1310,Processo Administrativo,I,2025-09-11 16:34:41,
1341,1310,Questão de Ordem,A,2025-09-11 16:34:41,
1342,1310,Reclamação,A,2025-09-11 16:34:41,
1343,1310,Recurso Criminal,A,2025-09-11 16:34:41,
1344,1310,Recurso em Habeas Corpus,A,2025-09-11 16:34:41,
1345,1310,Recurso em Habeas Data,A,2025-09-11 16:34:41,
1346,1310,Recurso em Mandado de Injunção,A,2025-09-11 16:34:41,
1347,1310,Recurso em Mandado de Segurança,A,2025-09-11 16:34:41,
1348,1310,Recurso Extraordinário,A,2025-09-11 16:34:41,
1349,1310,Revisão Criminal,A,2025-09-11 16:34:41,
1350,1310,Sentença Estrangeira,I,2025-09-11 16:34:41,
1351,1310,Sentença Estrangeira Contestada,I,2025-09-11 16:34:41,
1352,1310,Suspensão de Liminar,A,2025-09-11 16:34:41,
1353,1310,Suspensão de Segurança,A,2025-09-11 16:34:41,
1354,1310,Suspensão de Tutela Provisória,A,2025-09-11 16:34:41,
1355,1310,Siglas dos Processos Extintos,A,2025-09-11 16:34:41,
1356,1355,Ação Ordinária Regressiva,A,2025-09-11 16:34:41,
1357,1355,Ação Regressiva,A,2025-09-11 16:34:41,
1358,1355,Apelação Cível,A,2025-09-11 16:34:41,
1359,1355,Apelação Criminal,A,2025-09-11 16:34:41,
1360,1355,Arguição de Relevância,A,2025-09-11 16:34:41,
1361,1355,Carta Testemunhável,A,2025-09-11 16:34:41,
1362,1355,Conflito de Atribuições,A,2025-09-11 16:34:41,
1363,1355,Conflito de Jurisdição,A,2025-09-11 16:34:41,
1364,1355,Denúncia,A,2025-09-11 16:34:41,
1365,1355,Embargos Remetidos,A,2025-09-11 16:34:41,
1366,1355,Exceção da Verdade,A,2025-09-11 16:34:41,
1367,1355,Exceção de Suspeição,A,2025-09-11 16:34:41,
1368,1355,Inquérito Administrativo,A,2025-09-11 16:34:41,
1369,1355,Inquérito Policial,A,2025-09-11 16:34:41,
1370,1355,Inquérito Policial Especial,A,2025-09-11 16:34:41,
1371,1355,Interpelação,A,2025-09-11 16:34:41,
1372,1355,Liquidação de Sentença,A,2025-09-11 16:34:41,
1373,1355,Notificação,A,2025-09-11 16:34:41,
1374,1355,Pedido de Avocação,A,2025-09-11 16:34:41,
1375,1355,Processo Crime,A,2025-09-11 16:34:41,
1376,1355,Processo Judicial,A,2025-09-11 16:34:41,
1377,1355,Queixa Crime,A,2025-09-11 16:34:41,
1378,1355,Recurso de Apreensão de Livro,A,2025-09-11 16:34:41,
1379,1355,Recurso de Liquidação de Sentença,A,2025-09-11 16:34:41,
1380,1355,Recurso de Revista,A,2025-09-11 16:34:41,
1381,1355,Representação,A,2025-09-11 16:34:41,
1382,1355,Retificação de Nome Estrangeiro,A,2025-09-11 16:34:41,
1383,1355,Sentença Arbitral,A,2025-09-11 16:34:41,
1384,1355,Suspensão de Direitos,A,2025-09-11 16:34:41,
1385,547,Seção Cível,A,2025-09-11 16:34:41,
1386,1385,Processo de Conhecimento,A,2025-09-11 16:34:41,
1389,1386,Ação de Alimentos de Infância e Juventude,A,2025-09-11 16:34:41,
1390,1386,Revisão Judicial de Decisão do Conselho Tutelar,A,2025-09-11 16:34:41,
1391,1386,Apuração de Irregularidades em Entidades de Atendimento,A,2025-09-11 16:34:41,
1392,1386,Apuração de Infração Administrativa às Normas de Proteção à Criança ou Adolescente,A,2025-09-11 16:34:41,
1396,1386,Tutela Infância e Juventude,A,2025-09-11 16:34:41,
1399,1386,Tutela c/c Destituição do Poder Familiar,A,2025-09-11 16:34:41,
1401,1386,Adoção,A,2025-09-11 16:34:41,
1412,1386,Adoção c/c Destituição do Poder Familiar,I,2025-09-11 16:34:41,
1414,1386,Suprimento de Capacidade ou de Consentimento para Casar,A,2025-09-11 16:34:41,
1415,1386,Emancipação,A,2025-09-11 16:34:41,
1417,1386,Regularização de Registro Civil,A,2025-09-11 16:34:41,
1420,1386,Guarda de Infância e Juventude,A,2025-09-11 16:34:41,
1424,1386,Providência ,A,2025-09-11 16:34:41,
1425,1386,Prestação de Contas Infância e Juventude,A,2025-09-11 16:34:41,
1426,1386,Perda ou Suspensão do Poder Familiar,I,2025-09-11 16:34:41,
1430,1385,Processo de Execução,A,2025-09-11 16:34:41,
1432,1430,Execução de Alimentos Infância e Juventude,A,2025-09-11 16:34:41,
1434,1430,Execução de Medida de Proteção à Criança e Adolescente,A,2025-09-11 16:34:41,
1435,1430,Execução de Multa,A,2025-09-11 16:34:41,
1436,1385,Processos Cautelares,A,2025-09-11 16:34:41,
1438,1436,Busca e Apreensão Infância e Juventude,A,2025-09-11 16:34:41,
1440,1436,Cautelar Inominada Infância e Juventude,A,2025-09-11 16:34:41,
1450,1385,Cartas,A,2025-09-11 16:34:41,
1451,1450,Carta de Ordem Infância e Juventude,A,2025-09-11 16:34:41,
1455,1450,Carta Precatória Infância e Juventude,A,2025-09-11 16:34:41,
1459,547,Seção Infracional,A,2025-09-11 16:34:41,
1460,1459,Procedimentos Investigatórios,A,2025-09-11 16:34:41,
1461,1460,Auto de Apreensão em Flagrante,A,2025-09-11 16:34:41,
1462,1460,Relatório de Investigações,A,2025-09-11 16:34:41,
1463,1460,Boletim de Ocorrência Circunstanciada,A,2025-09-11 16:34:41,
1464,1459,Processo de Apuração de Ato Infracional,A,2025-09-11 16:34:41,
1465,1459,Execução de Medidas Socioeducativas,A,2025-09-11 16:34:41,
1466,1465,Internação com Atividades Externas,I,2025-09-11 16:34:41,
1467,1465,Internação sem Atividades Externas,I,2025-09-11 16:34:41,
1468,1465,Semiliberdade,I,2025-09-11 16:34:41,
1469,1465,Liberdade Assistida,I,2025-09-11 16:34:41,
1470,1465,Prestação de Serviços a Comunidade,I,2025-09-11 16:34:41,
1471,1465,Obrigação de Reparar o Dano,I,2025-09-11 16:34:41,
1472,1465,Advertência ,I,2025-09-11 16:34:41,
1473,1459,Cartas,A,2025-09-11 16:34:41,
1474,1473,Carta de Ordem Infracional,A,2025-09-11 16:34:41,
1478,1473,Carta Precatória Infracional,A,2025-09-11 16:34:41,
1669,5,Ação Rescisória,A,2025-09-11 16:34:41,
1670,5,Ação de Improbidade Administrativa,A,2025-09-11 16:34:41,
1671,5,Comunicação,A,2025-09-11 16:34:41,
1672,5,Exceção de Impedimento,A,2025-09-11 16:34:41,
1673,5,Exceção de Suspeição,A,2025-09-11 16:34:41,
1674,5,Intervenção Federal,A,2025-09-11 16:34:41,
1675,5,Mandado de Injunção,A,2025-09-11 16:34:41,
1677,5,Precatório,A,2025-09-11 16:34:41,
1678,5,Revisão Criminal,A,2025-09-11 16:34:41,
1679,5,Suspensão de Segurança,A,2025-09-11 16:34:41,
1680,1198,Consulta Administrativa,A,2025-09-11 16:34:41,
1682,62,Retificação ou Suprimento ou Restauração de Registro Civil,A,2025-09-11 16:34:41,
1683,62,Retificação de Registro de Imóvel,A,2025-09-11 16:34:41,
1685,1071,Remessa Necessária Trabalhista,A,2025-09-11 16:34:41,
1689,207,Embargos de Declaração Cível,A,2025-09-11 16:34:41,
1690,1386,Ação Civil Pública Infância e Juventude,A,2025-09-11 16:34:41,
1691,1386,Mandado de Segurança Infância e Juventude Cível,A,2025-09-11 16:34:41,
1701,237,Nomeação de Advogado,A,2025-09-11 16:34:41,
1702,215,Impugnação de Assistência Judiciária,I,2025-09-11 16:34:41,
1703,1386,Autorização judicial,A,2025-09-11 16:34:41,
1704,1386,Embargos de Terceiro Infância e Juventude,A,2025-09-11 16:34:41,
1705,1386,"Remoção, modificação  e dispensa de tutor ou curador",A,2025-09-11 16:34:41,
1706,1386,Procedimento Comum Infância e Juventude,A,2025-09-11 16:34:41,
1707,27,Reintegração / Manutenção de Posse,A,2025-09-11 16:34:41,
1709,27,Interdito Proibitório,A,2025-09-11 16:34:41,
1710,292,Mandado de Segurança Criminal,A,2025-09-11 16:34:41,
1711,412,Agravo de Instrumento em Recurso Especial,A,2025-09-11 16:34:41,
1712,412,Agravo de Instrumento em Recurso Extraordinário,I,2025-09-11 16:34:41,
1714,385,Execução Provisória,I,2025-09-11 16:34:41,
1715,316,Embargos do Acusado,A,2025-09-11 16:34:41,
1717,316,Alienação de Bens do Acusado,A,2025-09-11 16:34:41,
1719,331,Avaliação para atestar dependência de drogas,A,2025-09-11 16:34:41,
1720,5,Habeas Corpus,A,2025-09-11 16:34:41,
1721,5,Recurso Ordinário em Mandado de Segurança,A,2025-09-11 16:34:41,
1722,5,Recurso Ordinário em Habeas Corpus,A,2025-09-11 16:34:41,
1723,175,Contraprotesto Judicial,I,2025-09-11 16:34:41,
1725,175,Notificação,I,2025-09-11 16:34:41,
1726,175,Interpelação,I,2025-09-11 16:34:41,
1727,268,Petição Criminal,A,2025-09-11 16:34:41,
1728,197,Apelação / Remessa Necessária,A,2025-09-11 16:34:41,
1729,412,Agravo Interno Criminal,A,2025-09-11 16:34:41,
1730,412,Recurso Ordinário Criminal,A,2025-09-11 16:34:41,
1731,277,Investigação contra magistrado,A,2025-09-11 16:34:41,
1733,277,Procedimento Investigatório Criminal (PIC-MP) ,A,2025-09-11 16:34:41,
10933,1386,Habilitação para Adoção,A,2025-09-11 16:34:41,
10942,197,Correição Parcial Cível,A,2025-09-11 16:34:41,
10943,281,Ação Penal - Procedimento Sumário,A,2025-09-11 16:34:41,
10944,281,Ação Penal - Procedimento Sumaríssimo,A,2025-09-11 16:34:41,
10960,1459,Incidente de Sanidade Mental,A,2025-09-11 16:34:41,
10967,308,Medidas de Proteção à Pessoa Idosa - Criminal,A,2025-09-11 16:34:41,
10969,1385,Incidentes,A,2025-09-11 16:34:41,
10970,10969,Conflito de Competência Infância e Juventude,A,2025-09-11 16:34:41,
10971,10969,Exceções,I,2025-09-11 16:34:41,
10972,10969,Exibição de Documento ou Coisa Infância e Juventude,A,2025-09-11 16:34:41,
10973,10969,Impugnação ao Valor da Causa Infância e Juventude,A,2025-09-11 16:34:41,
10974,10969,Incidente de Falsidade Infância e Juventude,A,2025-09-11 16:34:41,
10975,10971,Exceção de Impedimento Infância e Juventude,I,2025-09-11 16:34:41,
10976,10971,Exceção de Incompetência Infância e Juventude,I,2025-09-11 16:34:41,
10977,10971,Exceção de Suspeição Infância e Juventude,I,2025-09-11 16:34:41,
10979,1459,Petição Infracional,A,2025-09-11 16:34:41,
10980,155,Cumprimento Provisório de Decisão,A,2025-09-11 16:34:41,
10981,155,Impugnação ao Cumprimento  de Decisão,I,2025-09-11 16:34:41,
11026,1385,Petição Infância e Juventude Cível,A,2025-09-11 16:34:41,
11027,1071,Remessa Necessária / Recurso Ordinário,A,2025-09-11 16:34:41,
11028,,PROCESSO MILITAR,A,2025-09-11 16:34:41,
11029,11028,PROCEDIMENTOS ESPECIAIS PREVISTOS EM LEIS ESPARSAS,A,2025-09-11 16:34:41,
11030,11028,PROCESSO CRIMINAL,A,2025-09-11 16:34:41,
11031,11030,Procedimento Especial,A,2025-09-11 16:34:41,
11032,11030,Procedimentos Investigatórios,A,2025-09-11 16:34:41,
11033,11030,Recursos,A,2025-09-11 16:34:41,
11034,11029,Conselho de Justificação ,A,2025-09-11 16:34:41,
11035,11029,Representação p/ Declaração de Indignidade/Incompatibilidade ,A,2025-09-11 16:34:41,
11036,11029,Representação p/ Perda da Graduação ,A,2025-09-11 16:34:41,
11037,11030,Ação Penal Militar - Procedimento Ordinário,A,2025-09-11 16:34:41,
11038,11033,Embargos em Ação Penal Militar,A,2025-09-11 16:34:41,
11039,11033,Reclamação Militar,A,2025-09-11 16:34:41,
11040,11033,Recurso Inominado Militar,A,2025-09-11 16:34:41,
11041,11032,Inquérito Policial Militar,A,2025-09-11 16:34:41,
11042,11031,Correição Parcial Militar,A,2025-09-11 16:34:41,
11043,11031,Deserção,A,2025-09-11 16:34:41,
11044,11031,Insubmissão,A,2025-09-11 16:34:41,
11045,11043,Deserção de Oficial,A,2025-09-11 16:34:41,
11046,11043,Deserção de Praça,A,2025-09-11 16:34:41,
11099,,PROCEDIMENTOS PRÉ-PROCESSUAIS DE RESOLUÇÃO CONSENSUAL DE CONFLITOS,A,2025-09-11 16:34:41,
11397,62,Extinção das obrigações do falido,A,2025-09-11 16:34:41,
11398,412,Recurso em sentido estrito/Recurso ex officio,A,2025-09-11 16:34:41,
11399,385,Execução de Medida de Segurança,I,2025-09-11 16:34:41,
11400,1209,Agravo de Instrumento em Recurso Ordinário para o STF,A,2025-09-11 16:34:41,
11427,,PROCESSO ELEITORAL,A,2025-09-11 16:34:41,
11525,11427,Processos Cíveis-Eleitorais,A,2025-09-11 16:34:41,
11526,11525,Ação de Impugnação de Mandato Eletivo,A,2025-09-11 16:34:41,
11527,11525,Ação de Investigação Judicial Eleitoral,A,2025-09-11 16:34:41,
11528,11427,Ação Penal Eleitoral,A,2025-09-11 16:34:41,
11529,11427,Procedimentos Relativos a Realização de Eleição,A,2025-09-11 16:34:41,
11530,11529,Apuração de Eleição,A,2025-09-11 16:34:41,
11531,11529,Prestação de Contas,I,2025-09-11 16:34:41,
11532,11529,Registro de Candidatura,A,2025-09-11 16:34:41,
11533,11529,Recurso contra Expedição de Diploma,A,2025-09-11 16:34:41,
11534,11427,Procedimentos Relativos a Partidos Políticos,A,2025-09-11 16:34:41,
11535,11534,Cancelamento de Registro de Partido Político,A,2025-09-11 16:34:41,
11536,11534,Propaganda Partidária,A,2025-09-11 16:34:41,
11537,11534,Registro de Órgão de Partido Político em Formação,A,2025-09-11 16:34:41,
11538,11529,Registro de Comitê Financeiro,I,2025-09-11 16:34:41,
11539,11534,Registro de Partido Político,A,2025-09-11 16:34:41,
11540,11427,Procedimentos Administrativos da Justiça Eleitoral,A,2025-09-11 16:34:41,
11541,11529,Representação,A,2025-09-11 16:34:41,
11542,11540,Correição de Eleitorado,A,2025-09-11 16:34:41,
11543,11540,Criação de Zona Eleitoral ou Remanejamento,A,2025-09-11 16:34:41,
11544,11540,Instrução,A,2025-09-11 16:34:41,
11545,11540,Lista Tríplice,A,2025-09-11 16:34:41,
11546,11540,Revisão de Eleitorado,A,2025-09-11 16:34:41,
11547,11427,Recursos Eleitorais,A,2025-09-11 16:34:41,
11548,11547,Recurso Eleitoral,A,2025-09-11 16:34:41,
11549,11547,Recurso Especial Eleitoral,A,2025-09-11 16:34:41,
11550,11547,Recurso Ordinário Eleitoral,A,2025-09-11 16:34:41,
11551,11427,Consulta,A,2025-09-11 16:34:41,
11552,11427,Pedido de Desaforamento,A,2025-09-11 16:34:41,
11553,11043,Instrução Provisória de Deserção,I,2025-09-11 16:34:41,
11555,62,Suspensão de Liminar e de Sentença,A,2025-09-11 16:34:41,
11556,62,Suspensão de Segurança Cível,A,2025-09-11 16:34:41,
11787,331,Assistência Judiciária,I,2025-09-11 16:34:41,
11788,331,Exibição de Documento ou Coisa Criminal,A,2025-09-11 16:34:41,
11789,331,Impugnação ao Valor da Causa,I,2025-09-11 16:34:41,
11790,331,Impugnação de Assistência Judiciária,I,2025-09-11 16:34:41,
11791,331,Pedido de Uniformização de Interpretação de Lei Criminal,A,2025-09-11 16:34:41,
11793,308,Produção Antecipada de Provas Criminal,A,2025-09-11 16:34:41,
11794,1459,Restituição de Coisas Apreendidas Infracional,A,2025-09-11 16:34:41,
11798,285,Processo de Aplicação de Medida de Segurança Por Fato Não Criminoso,A,2025-09-11 16:34:41,
11799,11032,Instrução Provisória de Insubmissão,A,2025-09-11 16:34:41,
11800,11032,Instrução Provisória de Deserção,A,2025-09-11 16:34:41,
11875,11099,Reclamação Pré-processual,A,2025-09-11 16:34:41,
11880,1310,Recurso Extraordinário com Agravo,A,2025-09-11 16:34:41,
11881,5,Agravo em Recurso Especial,A,2025-09-11 16:34:41,
11882,1071,Recurso de Revista com Agravo,A,2025-09-11 16:34:41,
11886,1071,Recurso Ordinário - Rito Sumaríssimo,A,2025-09-11 16:34:41,
11887,1198,Acompanhamento de Cumprimento de Decisão,A,2025-09-11 16:34:41,
11888,1198,Ato Normativo,A,2025-09-11 16:34:41,
11889,1198,Nota Técnica,A,2025-09-11 16:34:41,
11890,1198,Parecer de Mérito sobre Anteprojeto de Lei,A,2025-09-11 16:34:41,
11891,1198,Procedimento de Controle Administrativo,A,2025-09-11 16:34:41,
11892,1198,Revisão Disciplinar,A,2025-09-11 16:34:41,
11893,1198,Reclamação para Garantia das Decisões,A,2025-09-11 16:34:41,
11894,1198, Comissão,A,2025-09-11 16:34:41,
11953,1198,Arguição de Suspeição e de Impedimento,A,2025-09-11 16:34:41,
11955,308,Cautelar Inominada Criminal,A,2025-09-11 16:34:41,
11956,5,Embargos de Divergência em Agravo em Recurso Especial,A,2025-09-11 16:34:41,
11957,406,Remição de Pena,I,2025-09-11 16:34:41,
11976,1460,Pedido de Busca e Apreensão Infracional,I,2025-09-11 16:34:41,
12057,11547,Reexame Necessário Eleitoral,I,2025-09-11 16:34:41,
12058,11427,Suspensão de Segurança,I,2025-09-11 16:34:41,
12059,11525,Suspensão de Segurança - Eleitoral,A,2025-09-11 16:34:41,
12060,11525,Incidente de Impedimento/Suspeição,A,2025-09-11 16:34:41,
12061,11525,Ação Cautelar,I,2025-09-11 16:34:41,
12070,1386,Pedido de Medida de Proteção,A,2025-09-11 16:34:41,
12071,1459,Procedimentos Cautelares,A,2025-09-11 16:34:41,
12072,12071,Busca e Apreensão Infracional,A,2025-09-11 16:34:41,
12073,12071,Internação Provisória,A,2025-09-11 16:34:41,
12074,1459,Pedido De Desinternação/Reavaliação/Substituição/Suspensão da Medida,A,2025-09-11 16:34:41,
12075,215,Procedimento Conciliatório,A,2025-09-11 16:34:41,
12076,1386,Restabelecimento do Poder Familiar,A,2025-09-11 16:34:41,
12077,331,Homologação em Acordo de Colaboração Premiada,A,2025-09-11 16:34:41,
12078,155,Cumprimento de Sentença contra a Fazenda Pública,A,2025-09-11 16:34:41,
12079,159,Execução de Título Extrajudicial contra a Fazenda Pública,A,2025-09-11 16:34:41,
12080,215,Incidente de Impedimento Cível,A,2025-09-11 16:34:41,
12081,215,Incidente de Suspeição Cível,A,2025-09-11 16:34:41,
12082,257,Carta Arbitral,A,2025-09-11 16:34:41,
12083,175,Tutela Antecipada Antecedente,I,2025-09-11 16:34:41,
12084,175,Tutela Cautelar Antecedente,I,2025-09-11 16:34:41,
12085,215,Incidente de Resolução de Demandas Repetitivas,A,2025-09-11 16:34:41,
12086,27,Dissolução Parcial de Sociedade,A,2025-09-11 16:34:41,
12087,215,Incidente de Assunção de Competência,A,2025-09-11 16:34:41,
12088,150,Liquidação Provisória de Sentença pelo Procedimento Comum,I,2025-09-11 16:34:41,
12089,406,Renovação de Permanência em Estabelecimento Penal Federal,I,2025-09-11 16:34:41,
12117,1310,Suspensão do Incidente de Resolução de Demandas Repetitivas,I,2025-09-11 16:34:41,
12118,5,Suspensão em Incidente de Resolução de Demandas Repetitivas,A,2025-09-11 16:34:41,
12119,215,Incidente de Desconsideração de Personalidade Jurídica,A,2025-09-11 16:34:41,
12120,1459,Agravo em Execução de Medidas Sócio-Educativas,I,2025-09-11 16:34:41,
12121,277,Comunicado de Mandado de Prisão,A,2025-09-11 16:34:41,
12122,292,Reclamação Criminal,A,2025-09-11 16:34:41,
12123,406,Roteiro de Pena,I,2025-09-11 16:34:41,
12124,406,Roteiro de Pena,I,2025-09-11 16:34:41,
12125,406,Progressão de Regime,I,2025-09-11 16:34:41,
12126,406,Regressão de Regime,I,2025-09-11 16:34:41,
12127,406,Remição,I,2025-09-11 16:34:41,
12128,406,Livramento Condicional,I,2025-09-11 16:34:41,
12129,406,Outros Incidentes de Execução Iniciados de Ofício,I,2025-09-11 16:34:41,
12132,1070,Incidente de Julgamento de Recurso de Revista e de Embargos Repetitivos,A,2025-09-11 16:34:41,
12133,2,Tutela Provisória de Urgência e Tutela Provisória de Evidência,A,2025-09-11 16:34:41,
12134,12133,Tutela Cautelar Antecedente,A,2025-09-11 16:34:41,
12135,12133,Tutela Antecipada Antecedente,A,2025-09-11 16:34:41,
12136,11099,Pedido de Mediação Pré-Processual,I,2025-09-11 16:34:41,
12137,214,Requerimento de Apreensão de Veículo,A,2025-09-11 16:34:41,
12138,62,Requerimento de Reintegração de Posse,A,2025-09-11 16:34:41,
12139,237,Contestação em Foro Diverso,A,2025-09-11 16:34:41,
12153,215,Embargos Parciais à Ação Monitória,A,2025-09-11 16:34:41,
12154,159,Execução de Título Extrajudicial,A,2025-09-11 16:34:41,
12190,1310,Suspensão Nacional do Incidente de Resolução de Demandas Repetitivas,A,2025-09-11 16:34:41,
12191,1310,Tutela Provisória Antecedente,A,2025-09-11 16:34:41,
12192,1310,Tutela Provisória Incidental,A,2025-09-11 16:34:41,
12193,11529,Prestação de Contas Eleitorais,A,2025-09-11 16:34:41,
12226,50,Notificação,A,2025-09-11 16:34:41,
12227,50,Interpelação,A,2025-09-11 16:34:41,
12228,50,Protesto,A,2025-09-11 16:34:41,
12229,50,Protesto formado a bordo,A,2025-09-11 16:34:41,
12230,1386,Guarda c/c destituição do poder familiar,A,2025-09-11 16:34:41,
12231,155,Cumprimento de sentença - Lei Arbitral (Lei 9.307/1996),A,2025-09-11 16:34:41,
12232,214,Ação de Partilha,I,2025-09-11 16:34:41,
12233,50,Tutela Cível,A,2025-09-11 16:34:41,
12234,50,Curatela,I,2025-09-11 16:34:41,
12246,155,Cumprimento de Sentença de Obrigação de Prestar Alimentos,A,2025-09-11 16:34:41,
12247,159,Execução Extrajudicial de Alimentos,A,2025-09-11 16:34:41,
12248,1198,Pedido de Cooperação Judiciária,A,2025-09-11 16:34:41,
12249,1310,Suspensão em IRDR,I,2025-09-11 16:34:41,
12250,5,Suspensão em IRDR,I,2025-09-11 16:34:41,
12251,1111,Execução de Título Judicial - CEJUSC,I,2025-09-11 16:34:41,
12357,237,Pedido de Efeito Suspensivo à Apelação,A,2025-09-11 16:34:41,
12369,50,Tomada de Decisão Apoiada,I,2025-09-11 16:34:41,
12370,62,Tomada de Decisão Apoiada,A,2025-09-11 16:34:41,
12371,50,Alteração de Regime de Bens,A,2025-09-11 16:34:41,
12372,50,Divórcio Consensual,A,2025-09-11 16:34:41,
12373,50,Divórcio Litigioso,I,2025-09-11 16:34:41,
12374,50,Homologação da Transação Extrajudicial,A,2025-09-11 16:34:41,
12375,27,Reclamação,A,2025-09-11 16:34:41,
12376,27,Regulação de Avaria Grossa,A,2025-09-11 16:34:41,
12377,11534,Prestação de Contas Anual,A,2025-09-11 16:34:41,
12386,10969,Incidente de Impedimento Infância e Juventude,A,2025-09-11 16:34:41,
12388,10969,Incidente de Suspeição Infância e Juventude,A,2025-09-11 16:34:41,
12389,62,Ação de Partilha,A,2025-09-11 16:34:41,
12390,62,ação de partilha,I,2025-09-11 16:34:41,
12391,1070,Incidente de Uniformização de Jurisprudência,A,2025-09-11 16:34:41,
12394,285,Revisão Criminal,A,2025-09-11 16:34:41,
12423,12071,Medidas Protetivas de Urgência (Lei Maria da Penha) - Infracional,A,2025-09-11 16:34:41,
12424,12071,Medidas de Proteção à Pessoa Idosa - Infracional,A,2025-09-11 16:34:41,
12464,11427,Corregedoria Eleitoral,A,2025-09-11 16:34:41,
12465,12464,Petição Corregedoria,A,2025-09-11 16:34:41,
12466,12464,Inquérito Administrativo,A,2025-09-11 16:34:41,
12541,27,Divórcio Litigioso,A,2025-09-11 16:34:41,
12549,11540,Cancelamento de Inscrição Eleitoral (CIE),A,2025-09-11 16:34:41,
12550,11529,Composição de Mesa Receptora,A,2025-09-11 16:34:41,
12551,11540,Descarte de Material,I,2025-09-11 16:34:41,
12552,11427,Direitos Políticos,A,2025-09-11 16:34:41,
12553,11540,Duplicidade/Pluralidade de Inscrições - Coincidências,A,2025-09-11 16:34:41,
12554,11534,Filiação Partidária,A,2025-09-11 16:34:41,
12555,11529,Impugnação à Composição de Junta Eleitoral,A,2025-09-11 16:34:41,
12556,11529,Impugnação Perante as Juntas Eleitorais,A,2025-09-11 16:34:41,
12557,11540,Recurso/Impugnação de Alistamento Eleitoral,A,2025-09-11 16:34:41,
12558,11529,Registro de Debates,I,2025-09-11 16:34:41,
12559,11540,Regularização de Situação do Eleitor,A,2025-09-11 16:34:41,
12560,11534,Lista de Apoiamento para Criação de Partido Político,A,2025-09-11 16:34:41,
12561,11529,Notícia de Irregularidade em Propaganda Eleitoral,A,2025-09-11 16:34:41,
12562,11540,PET-ADM,A,2025-09-11 16:34:41,
12613,11099,Pedido de Conciliação Pré-Processual,I,2025-09-11 16:34:41,
12625,11529,Direito de Resposta,A,2025-09-11 16:34:41,
12626,11547,Agravo em Recurso Especial Eleitoral,A,2025-09-11 16:34:41,
12627,11525,Ação Rescisória Eleitoral,A,2025-09-11 16:34:41,
12628,11534,Ação de Justificação de Desfiliação Partidária/Perda de Cargo Eletivo,A,2025-09-11 16:34:41,
12629,11534,Pedido de Novas Eleições,A,2025-09-11 16:34:41,
12630,11529,Representação Especial,A,2025-09-11 16:34:41,
12631,11534,Requerimento de Regularização de Omissão de Prestação de Contas Anual,A,2025-09-11 16:34:41,
12632,11534,Requerimento de Regularização de Omissão de Prestação de Contas Anual,I,2025-09-11 16:34:41,
12633,11529,Requerimento de Regularização de Omissão de Prestação de Contas Eleitorais,A,2025-09-11 16:34:41,
12727,385,Execução de Pena de Multa,A,2025-09-11 16:34:41,
12728,385,Transferência Entre Estabelecimentos Penais,A,2025-09-11 16:34:41,
12729,385,Execução de Medidas Alternativas no Juízo Comum,A,2025-09-11 16:34:41,
12760,1071,Recurso de Julgamento Parcial ,A,2025-09-11 16:34:41,
12761,27,Homologação do Penhor Legal,A,2025-09-11 16:34:41,
12762,50,Extinção Consensual de União Estável,A,2025-09-11 16:34:41,
12763,27,Reconhecimento e Extinção de União Estável,A,2025-09-11 16:34:41,
12764,27,Separação Contenciosa,A,2025-09-11 16:34:41,
12775,1310,Ação Direta de Inconstitucionalidade por Omissão,A,2025-09-11 16:34:41,
12776,1310,Arguição de Impedimento,A,2025-09-11 16:34:41,
12777,1310,Exceção de Incompetência,A,2025-09-11 16:34:41,
12778,1310,Exceção de Litispendência,A,2025-09-11 16:34:41,
12779,1310,Proposta de Súmula Vinculante,A,2025-09-11 16:34:41,
12780,1310,Admissão de Assistente,A,2025-09-11 16:34:41,
12781,1310,Impugnação ao Valor da Causa,A,2025-09-11 16:34:41,
12782,1310,Incidente de Falsidade,A,2025-09-11 16:34:41,
12783,1310,Oposição,A,2025-09-11 16:34:41,
12784,1310,Suspeição de Perito,A,2025-09-11 16:34:41,
12785,1310,Embargos à Execução,A,2025-09-11 16:34:41,
12786,1310,Cumprimento de Sentença,A,2025-09-11 16:34:41,
12787,12786,Execução contra a Fazenda Pública,I,2025-09-11 16:34:41,
12788,1310,Execução contra a Fazenda Pública,A,2025-09-11 16:34:41,
12789,1310,Execução de Pena,A,2025-09-11 16:34:41,
12790,1310,Extensão,A,2025-09-11 16:34:41,
12791,1310,Incidente de Assunção de Competência,A,2025-09-11 16:34:41,
14123,316,Destinação de Bens Apreendidos,A,2025-09-11 16:34:41,
14208,11534,Suspensão de Órgão Partidário,A,2025-09-11 16:34:41,
14209,11547,Recurso Criminal Eleitoral,A,2025-09-11 16:34:41,
14671,62,Guarda de Família,A,2025-09-11 16:34:41,
14676,15195,Pedido de Inclusão no Cadastro de Programa de Apadrinhamento,A,2025-09-11 16:34:41,
14677,27,Regulamentação da Convivência Familiar,A,2025-09-11 16:34:41,
14678,331,Acordo de Não Persecução Penal,A,2025-09-11 16:34:41,
14695,1107,Procedimento do Juizado Especial da Fazenda Pública,A,2025-09-11 16:34:41,
14696,385,Execução de Medidas Alternativas nos Juizados Especiais,A,2025-09-11 16:34:41,
14701,292,Habeas Data Criminal,A,2025-09-11 16:34:41,
14734,308,Medidas de Proteção - Criança e Adolescente (Lei 13.431) Criminais,A,2025-09-11 16:34:41,
14774,200,Agravo de Instrumento em Mandado de Segurança,I,2025-09-11 16:34:41,
14775,1209,Agravo de Instrumento em Mandado de Segurança,A,2025-09-11 16:34:41,
14990,62,Classificação de Crédito Público,I,2025-09-11 16:34:41,
14991,215,Classificação de Crédito Público,A,2025-09-11 16:34:41,
15011,11534,Registro de Federação Partidária,A,2025-09-11 16:34:41,
15090,11547,Recurso,A,2025-09-11 16:34:41,
15140,1386,Entrega Voluntária,A,2025-09-11 16:34:41,
15159,62,Regime Centralizado de Execuções,A,2022-09-20 15:53:38,
15160,155,Cumprimento Individual de Sentença de Ações Coletivas,A,2022-09-20 15:53:38,
15161,155,Cumprimento Individual Provisório de Sentença de Ações Coletivas,A,2022-09-20 15:53:38,
15167,214,Acordo de Não Persecução Cível,A,2022-09-20 15:53:38,
15170,308,Medidas Protetivas de Urgência - Crianças e Adolescentes (Lei Henry Borel - Lei 14.344/2022) Criminais,A,2022-11-29 16:37:05,
15171,12071,Medidas Protetivas de Urgência - Crianças e Adolescentes (Lei Henry Borel - Lei 14.344/2022) Infracionais,A,2022-11-29 16:37:05,
15172,12071,Medidas de Proteção - Criança e Adolescente (Lei 13.431) Infracionais,A,2022-11-29 16:37:05,
15187,1068,Plano Especial de Pagamento Trabalhista,A,2022-12-16 11:19:25,
15190,1386,Destituição do Poder Familiar,A,2023-03-31 17:21:17,
15191,1401,Adoção pelo Cadastro,A,2023-03-31 17:21:17,
15192,1401,Adoção Fora do Cadastro,A,2023-03-31 17:21:17,
15193,1401,Adoção Fora do Cadastro c/c Destituição do Poder Familiar,A,2023-03-31 17:21:17,
15194,1386,Suspensão do Poder Familiar,A,2023-03-31 17:21:17,
15195,547,Seção Administrativa,A,2023-03-31 17:21:17,
15196,15195,Inspeção,A,2023-03-31 17:21:17,
15215,155,Cumprimento de Sentença contra a Fazenda Pública Mediante Execução Invertida,A,2023-06-16 19:23:45,
15217,62,Procedimento de Repactuação de Dívidas (Superendividamento),A,2023-06-16 19:23:45,
15224,5,Habeas Corpus Coletivo,A,2023-06-16 19:23:45,
15228,5,Queixa-Crime,A,2023-06-16 19:23:45,
15239,1198,Proposta de Anteprojeto de Lei,A,2023-09-29 15:18:53,
15240,1198,Auditoria,A,2023-09-29 15:18:53,
15241,1198,Avaliação de Obras,A,2023-09-29 15:18:53,
15242,1198,Pedido de Esclarecimento,A,2023-09-29 15:18:53,
15243,1198,Monitoramento de Auditorias e Obras,A,2023-09-29 15:18:53,
15303,11525,Representação em Propaganda Partidária,A,2024-03-15 18:03:56,
15309,214,Medidas Protetivas de Urgência (Lei Maria da Penha) - Cível,A,2024-03-15 18:03:56,
15321,11028,Revisão Judicial - RDII,A,2024-03-15 18:03:56,
15323,11529,Reclamação Administrativa Eleitoral,A,2024-04-10 11:19:17,
15423,11028,Revisão Judicial - Conselho de Justificação,A,2024-11-29 16:22:03,
15430,155,Cumprimento de Sentença - Reclamação Pré-processual,A,2024-11-29 16:22:03,
15532,1070,Incidentes de Superação e Revisão de Precedentes Qualificados,A,2025-04-01 16:39:43,
15533,15532,Incidente de Superação e Revisão de Precedentes em Recurso de Revista e Embargos Repetitivos,A,2025-04-01 16:39:43,
15534,15532,Incidente de Superação e Revisão de Precedentes em Incidente de Assunção de Competência,A,2025-04-01 16:39:43,
15535,15532,Incidente de Superação e Revisão de Precedente em Incidente de Resolução de Demandas Repetitivas,A,2025-04-01 16:39:43,
15543,62,Arguição de Descumprimento de Preceito Fundamento Previsto em Constituição Estadual,A,2025-04-01 16:39:43,
15545,1198,Procedimento Relativo à Posse de Maconha para Consumo Pessoal,A,2025-04-28 15:50:19,
15620,1107,Produção Antecipada de Provas,A,2025-09-11 16:09:07,
15694,11529,Requerimento de Declaração de Elegibilidade,A,2026-01-29 16:49:29,
15708,1198,Procedimento de Justiça Restaurativa Administrativo,A,2026-01-29 16:49:29,
15709,11099,Procedimento de Justiça Restaurativa Pré-Processual,A,2026-01-29 16:49:29,
15710,385,Procedimento de Justiça Restaurativa em Execução Penal,A,2026-01-29 16:49:29,
15731,155,Cumprimento Coletivo de Sentença em Ações Coletivas,A,2026-04-09 14:49:21,
15732,155,Cumprimento Coletivo Provisório de Sentença em Ações Coletivas,A,2026-04-09 14:49:21,
