comarca_id,comarca,tribunal_id,estado_id,n_municipios,entrancia,juizes
1,acrelandia,1.0,1.0,1.0,,
2,assis brasil,1.0,1.0,1.0,,
3,brasileia,1.0,1.0,1.0,,
4,bujari,1.0,1.0,1.0,,
5,capixaba,1.0,1.0,1.0,,
6,cruzeiro do sul,1.0,1.0,1.0,,
7,epitaciolandia,1.0,1.0,1.0,,
8,feijo,1.0,1.0,1.0,,
9,jordao,1.0,1.0,1.0,,
10,mancio lima,1.0,1.0,1.0,,
11,manoel urbano,1.0,1.0,1.0,,
12,marechal thaumaturgo,1.0,1.0,1.0,,
13,placido de castro,1.0,1.0,1.0,,
14,porto acre,1.0,1.0,1.0,,
15,porto walter,1.0,1.0,1.0,,
16,rio branco,1.0,1.0,1.0,,
17,rodrigues alves,1.0,1.0,1.0,,
18,santa rosa do purus,1.0,1.0,1.0,,
19,sena madureira,1.0,1.0,1.0,,
20,senador guiomard,1.0,1.0,1.0,,
21,tarauaca,1.0,1.0,1.0,,
22,xapuri,1.0,1.0,1.0,,
23,acailandia,10.0,10.0,2.0,,
24,alcantara,10.0,10.0,1.0,,
25,alto parnaiba,10.0,10.0,1.0,,
26,amarante do maranhao,10.0,10.0,1.0,,
27,anajatuba,10.0,10.0,1.0,,
28,araioses,10.0,10.0,2.0,,
29,arame,10.0,10.0,1.0,,
30,arari,10.0,10.0,1.0,,
31,bacabal,10.0,10.0,2.0,,
32,bacuri,10.0,10.0,1.0,,
33,balsas,10.0,10.0,2.0,,
34,barao de grajau,10.0,10.0,1.0,,
35,barra do corda,10.0,10.0,2.0,,
36,barreirinhas,10.0,10.0,1.0,,
37,bequimao,10.0,10.0,2.0,,
38,bom jardim,10.0,10.0,2.0,,
39,brejo,10.0,10.0,2.0,,
40,buriti,10.0,10.0,1.0,,
41,buriti bravo,10.0,10.0,1.0,,
42,buriticupu,10.0,10.0,2.0,,
43,candido mendes,10.0,10.0,2.0,,
44,cantanhede,10.0,10.0,2.0,,
45,carolina,10.0,10.0,1.0,,
46,carutapera,10.0,10.0,2.0,,
47,caxias,10.0,10.0,2.0,,
48,cedral,10.0,10.0,2.0,,
49,chapadinha,10.0,10.0,1.0,,
50,codo,10.0,10.0,1.0,,
51,coelho neto,10.0,10.0,3.0,,
52,colinas,10.0,10.0,2.0,,
53,coroata,10.0,10.0,2.0,,
54,cururupu,10.0,10.0,2.0,,
55,dom pedro,10.0,10.0,1.0,,
56,esperantinopolis,10.0,10.0,3.0,,
57,estreito,10.0,10.0,2.0,,
58,governador eugenio barros,10.0,10.0,3.0,,
59,governador nunes freire,10.0,10.0,3.0,,
60,grajau,10.0,10.0,3.0,,
61,guimaraes,10.0,10.0,1.0,,
62,icatu,10.0,10.0,2.0,,
63,igarape grande,10.0,10.0,2.0,,
64,imperatriz,10.0,10.0,2.0,,
65,itinga do maranhao,10.0,10.0,1.0,,
66,joao lisboa,10.0,10.0,2.0,,
67,lago da pedra,10.0,10.0,4.0,,
68,loreto,10.0,10.0,2.0,,
69,maracacume,10.0,10.0,3.0,,
70,matinha,10.0,10.0,1.0,,
71,matoes,10.0,10.0,1.0,,
72,mirador,10.0,10.0,1.0,,
73,mirinzal,10.0,10.0,2.0,,
74,moncao,10.0,10.0,2.0,,
75,montes altos,10.0,10.0,1.0,,
76,paco do lumiar,10.0,10.0,1.0,,
77,paraibano,10.0,10.0,1.0,,
78,parnarama,10.0,10.0,1.0,,
79,passagem franca,10.0,10.0,2.0,,
80,pastos bons,10.0,10.0,2.0,,
81,paulo ramos,10.0,10.0,2.0,,
82,pedreiras,10.0,10.0,3.0,,
83,penalva,10.0,10.0,1.0,,
84,pindare mirim,10.0,10.0,2.0,,
85,pinheiro,10.0,10.0,3.0,,
86,pio xii,10.0,10.0,2.0,,
87,pocao de pedras,10.0,10.0,1.0,,
88,porto franco,10.0,10.0,4.0,,
89,presidente dutra,10.0,10.0,1.0,,
90,raposa,10.0,10.0,1.0,,
91,riachao,10.0,10.0,2.0,,
92,rosario,10.0,10.0,2.0,,
93,santa helena,10.0,10.0,2.0,,
94,santa ines,10.0,10.0,2.0,,
95,santa luzia,10.0,10.0,2.0,,
96,santa luzia do parua,10.0,10.0,2.0,,
97,santa quiteria do maranhao,10.0,10.0,2.0,,
98,santa rita,10.0,10.0,1.0,,
99,santo antonio dos lopes,10.0,10.0,3.0,,
100,sao bento,10.0,10.0,3.0,,
101,sao bernardo,10.0,10.0,2.0,,
102,sao domingos do azeitao,10.0,10.0,2.0,,
103,sao domingos do maranhao,10.0,10.0,2.0,,
104,sao francisco do maranhao,10.0,10.0,1.0,,
105,sao joao batista,10.0,10.0,1.0,,
106,sao joao dos patos,10.0,10.0,2.0,,
107,sao jose de ribamar,10.0,10.0,1.0,,
108,sao luis,10.0,10.0,4.0,,
109,sao luis gonzaga do maranhao,10.0,10.0,1.0,,
110,sao raimundo das mangabeiras,10.0,10.0,2.0,,
111,sao vicente ferrer,10.0,10.0,2.0,,
112,senador la roque,10.0,10.0,1.0,,
113,sucupira do norte,10.0,10.0,1.0,,
114,tasso fragoso,10.0,10.0,1.0,,
115,timbiras,10.0,10.0,1.0,,
116,timon,10.0,10.0,1.0,,
117,tuntum,10.0,10.0,2.0,,
118,turiacu,10.0,10.0,1.0,,
119,tutoia,10.0,10.0,2.0,,
120,urbano santos,10.0,10.0,2.0,,
121,vargem grande,10.0,10.0,2.0,,
122,viana,10.0,10.0,2.0,,
123,vitoria do mearim,10.0,10.0,1.0,,
124,vitorino freire,10.0,10.0,3.0,,
125,ze doca,10.0,10.0,2.0,,
126,agua boa,11.0,11.0,3.0,,
127,alta floresta,11.0,11.0,2.0,,
128,alto araguaia,11.0,11.0,3.0,,
129,alto garcas,11.0,11.0,1.0,,
130,alto taquari,11.0,11.0,1.0,,
131,apiacas,11.0,11.0,1.0,,
132,araputanga,11.0,11.0,3.0,,
133,arenapolis,11.0,11.0,3.0,,
134,aripuana,11.0,11.0,1.0,,
135,barra do bugres,11.0,11.0,4.0,,
136,barra do garcas,11.0,11.0,6.0,,
137,brasnorte,11.0,11.0,1.0,,
138,caceres,11.0,11.0,1.0,,
139,campinapolis,11.0,11.0,1.0,,
140,campo novo do parecis,11.0,11.0,1.0,,
141,campo verde,11.0,11.0,1.0,,
142,canarana,11.0,11.0,1.0,,
143,chapada dos guimaraes,11.0,11.0,3.0,,
144,claudia,11.0,11.0,2.0,,
145,colider,11.0,11.0,1.0,,
146,colniza,11.0,11.0,1.0,,
147,comodoro,11.0,11.0,4.0,,
148,cotriguacu,11.0,11.0,2.0,,
149,cuiaba,11.0,11.0,2.0,,
150,diamantino,11.0,11.0,2.0,,
151,dom aquino,11.0,11.0,1.0,,
152,feliz natal,11.0,11.0,1.0,,
153,guaranta do norte,11.0,11.0,2.0,,
154,guiratinga,11.0,11.0,2.0,,
155,itauba,11.0,11.0,2.0,,
156,itiquira,11.0,11.0,1.0,,
157,jaciara,11.0,11.0,2.0,,
158,jauru,11.0,11.0,2.0,,
159,juara,11.0,11.0,1.0,,
160,juina,11.0,11.0,2.0,,
161,juscimeira,11.0,11.0,1.0,,
162,lucas do rio verde,11.0,11.0,1.0,,
163,marcelandia,11.0,11.0,1.0,,
164,matupa,11.0,11.0,1.0,,
165,mirassol doeste,11.0,11.0,2.0,,
166,nobres,11.0,11.0,1.0,,
167,nortelandia,11.0,11.0,1.0,,
168,nova canaa do norte,11.0,11.0,1.0,,
169,nova monte verde,11.0,11.0,2.0,,
170,nova mutum,11.0,11.0,2.0,,
171,nova ubirata,11.0,11.0,1.0,,
172,nova xavantina,11.0,11.0,1.0,,
173,novo sao joaquim,11.0,11.0,1.0,,
174,paranaita,11.0,11.0,1.0,,
175,paranatinga,11.0,11.0,2.0,,
176,pedra preta,11.0,11.0,1.0,,
177,peixoto de azevedo,11.0,11.0,1.0,,
178,pocone,11.0,11.0,1.0,,
179,pontes e lacerda,11.0,11.0,3.0,,
180,porto alegre do norte,11.0,11.0,4.0,,
181,porto dos gauchos,11.0,11.0,2.0,,
182,porto esperidiao,11.0,11.0,2.0,,
183,poxoreo,11.0,11.0,1.0,,
184,primavera do leste,11.0,11.0,2.0,,
185,querencia,11.0,11.0,1.0,,
186,ribeirao cascalheira,11.0,11.0,3.0,,
187,rio branco,11.0,11.0,3.0,,
188,rondonopolis,11.0,11.0,2.0,,
189,rosario oeste,11.0,11.0,2.0,,
190,santo antonio do leverger,11.0,11.0,2.0,,
191,sao jose do rio claro,11.0,11.0,2.0,,
192,sao jose dos quatro marcos,11.0,11.0,1.0,,
193,sapezal,11.0,11.0,1.0,,
194,sinop,11.0,11.0,2.0,,
195,sorriso,11.0,11.0,2.0,,
196,tabapora,11.0,11.0,1.0,,
197,tangara da serra,11.0,11.0,1.0,,
198,tapurah,11.0,11.0,2.0,,
199,terra nova do norte,11.0,11.0,2.0,,
200,varzea grande,11.0,11.0,2.0,,
201,vera,11.0,11.0,1.0,,
202,vila bela da santissima trindade,11.0,11.0,1.0,,
203,vila rica,11.0,11.0,3.0,,
204,agua clara,12.0,12.0,1.0,,
205,amambai,12.0,12.0,2.0,,
206,anastacio,12.0,12.0,1.0,,
207,anaurilandia,12.0,12.0,1.0,,
208,angelica,12.0,12.0,1.0,,
209,aparecida do taboado,12.0,12.0,1.0,,
210,aquidauana,12.0,12.0,1.0,,
211,bandeirantes,12.0,12.0,2.0,,
212,bataguassu,12.0,12.0,2.0,,
213,bataypora,12.0,12.0,2.0,,
214,bela vista,12.0,12.0,2.0,,
215,bonito,12.0,12.0,1.0,,
216,brasilandia,12.0,12.0,1.0,,
217,caarapo,12.0,12.0,2.0,,
218,camapua,12.0,12.0,2.0,,
219,campo grande,12.0,12.0,1.0,,
220,cassilandia,12.0,12.0,1.0,,
221,chapadao do sul,12.0,12.0,1.0,,
222,corumba,12.0,12.0,2.0,,
223,costa rica,12.0,12.0,1.0,,
224,coxim,12.0,12.0,2.0,,
225,deodapolis,12.0,12.0,1.0,,
226,dois irmaos do buriti,12.0,12.0,1.0,,
227,dourados,12.0,12.0,2.0,,
228,eldorado,12.0,12.0,1.0,,
229,fatima do sul,12.0,12.0,3.0,,
230,gloria de dourados,12.0,12.0,1.0,,
231,iguatemi,12.0,12.0,2.0,,
232,inocencia,12.0,12.0,1.0,,
233,itapora,12.0,12.0,2.0,,
234,itaquirai,12.0,12.0,1.0,,
235,ivinhema,12.0,12.0,2.0,,
236,jardim,12.0,12.0,2.0,,
237,maracaju,12.0,12.0,1.0,,
238,miranda,12.0,12.0,2.0,,
239,mundo novo,12.0,12.0,2.0,,
240,navirai,12.0,12.0,1.0,,
241,nioaque,12.0,12.0,1.0,,
242,nova alvorada do sul,12.0,12.0,1.0,,
243,nova andradina,12.0,12.0,1.0,,
244,pedro gomes,12.0,12.0,1.0,,
245,ponta pora,12.0,12.0,3.0,,
246,porto murtinho,12.0,12.0,1.0,,
247,ribas do rio pardo,12.0,12.0,1.0,,
248,rio brilhante,12.0,12.0,1.0,,
249,rio negro,12.0,12.0,3.0,,
250,rio verde de mato grosso,12.0,12.0,1.0,,
251,sao gabriel do oeste,12.0,12.0,1.0,,
252,sete quedas,12.0,12.0,2.0,,
253,sidrolandia,12.0,12.0,1.0,,
254,sonora,12.0,12.0,1.0,,
255,terenos,12.0,12.0,1.0,,
256,tres lagoas,12.0,12.0,2.0,,
257,abaete,13.0,13.0,3.0,1.0,2.0
258,abrecampo,13.0,13.0,6.0,1.0,2.0
259,acucena,13.0,13.0,3.0,1.0,1.0
260,aguas formosas,13.0,13.0,6.0,1.0,1.0
261,aimores,13.0,13.0,1.0,1.0,1.0
262,aiuruoca,13.0,13.0,7.0,1.0,2.0
263,alem paraiba,13.0,13.0,3.0,2.0,3.0
264,alfenas,13.0,13.0,2.0,2.0,8.0
265,almenara,13.0,13.0,4.0,2.0,4.0
266,alpinopolis,13.0,13.0,2.0,1.0,2.0
267,alto rio doce,13.0,13.0,2.0,1.0,1.0
268,alvinopolis,13.0,13.0,3.0,1.0,1.0
269,andradas,13.0,13.0,2.0,2.0,3.0
270,andrelandia,13.0,13.0,6.0,1.0,1.0
271,aracuai,13.0,13.0,5.0,2.0,2.0
272,araguari,13.0,13.0,1.0,2.0,12.0
273,araxa,13.0,13.0,2.0,2.0,8.0
274,arcos,13.0,13.0,2.0,1.0,2.0
275,areado,13.0,13.0,2.0,1.0,1.0
276,arinos,13.0,13.0,5.0,1.0,2.0
277,baependi,13.0,13.0,1.0,1.0,2.0
278,bambui,13.0,13.0,3.0,1.0,1.0
279,barao de cocais,13.0,13.0,2.0,1.0,2.0
280,barbacena,13.0,13.0,12.0,3.0,10.0
281,barroso,13.0,13.0,1.0,1.0,1.0
282,belo horizonte,13.0,13.0,1.0,3.0,264.0
283,belo vale,13.0,13.0,2.0,1.0,1.0
284,betim,13.0,13.0,1.0,3.0,25.0
285,bicas,13.0,13.0,4.0,1.0,1.0
286,boa esperanca,13.0,13.0,3.0,2.0,3.0
287,bocaiuva,13.0,13.0,5.0,2.0,3.0
288,bom despacho,13.0,13.0,2.0,2.0,2.0
289,bom sucesso,13.0,13.0,2.0,1.0,1.0
290,bonfim,13.0,13.0,4.0,1.0,1.0
291,bonfinopolis de minas,13.0,13.0,3.0,1.0,1.0
292,borda da mata,13.0,13.0,2.0,1.0,1.0
293,botelhos,13.0,13.0,1.0,1.0,1.0
294,brasilia de minas,13.0,13.0,6.0,1.0,2.0
295,brazopolis,13.0,13.0,2.0,1.0,1.0
296,brumadinho,13.0,13.0,1.0,2.0,2.0
297,bueno brandao,13.0,13.0,2.0,1.0,1.0
298,buenopolis,13.0,13.0,3.0,1.0,1.0
299,buritis,13.0,13.0,2.0,1.0,2.0
300,cabo verde,13.0,13.0,2.0,1.0,1.0
301,cachoeira de minas,13.0,13.0,1.0,1.0,1.0
302,caete,13.0,13.0,3.0,2.0,3.0
303,caldas,13.0,13.0,1.0,1.0,1.0
304,camanducaia,13.0,13.0,2.0,1.0,2.0
305,cambui,13.0,13.0,4.0,2.0,4.0
306,cambuquira,13.0,13.0,1.0,1.0,1.0
307,campanha,13.0,13.0,2.0,1.0,1.0
308,campestre,13.0,13.0,2.0,1.0,1.0
309,campina verde,13.0,13.0,1.0,1.0,1.0
310,campo belo,13.0,13.0,4.0,2.0,6.0
311,campos altos,13.0,13.0,2.0,1.0,1.0
312,campos gerais,13.0,13.0,2.0,1.0,2.0
313,canapolis,13.0,13.0,2.0,1.0,1.0
314,candeias,13.0,13.0,1.0,1.0,1.0
315,capelinha,13.0,13.0,2.0,1.0,2.0
316,capinopolis,13.0,13.0,3.0,1.0,1.0
317,carandai,13.0,13.0,3.0,1.0,1.0
318,carangola,13.0,13.0,4.0,2.0,3.0
319,caratinga,13.0,13.0,8.0,2.0,7.0
320,carlos chagas,13.0,13.0,1.0,1.0,1.0
321,carmo da mata,13.0,13.0,1.0,1.0,1.0
322,carmo de minas,13.0,13.0,2.0,1.0,1.0
323,carmo do cajuru,13.0,13.0,1.0,1.0,1.0
324,carmo do paranaiba,13.0,13.0,1.0,1.0,2.0
325,carmo do rio claro,13.0,13.0,2.0,1.0,2.0
326,carmopolis de minas,13.0,13.0,1.0,1.0,1.0
327,cassia,13.0,13.0,3.0,2.0,2.0
328,cataguases,13.0,13.0,5.0,2.0,8.0
329,caxambu,13.0,13.0,2.0,1.0,2.0
330,claudio,13.0,13.0,1.0,1.0,2.0
331,conceicao das alagoas,13.0,13.0,2.0,1.0,2.0
332,conceicao do mato dentro,13.0,13.0,4.0,1.0,1.0
333,conceicao do rio verde,13.0,13.0,1.0,1.0,1.0
334,congonhas,13.0,13.0,1.0,2.0,2.0
335,conquista,13.0,13.0,1.0,1.0,1.0
336,conselheiro lafaiete,13.0,13.0,9.0,3.0,11.0
337,conselheiro pena,13.0,13.0,5.0,1.0,2.0
338,contagem,13.0,13.0,1.0,3.0,43.0
339,coracao de jesus,13.0,13.0,5.0,1.0,1.0
340,corinto,13.0,13.0,2.0,1.0,2.0
341,coromandel,13.0,13.0,2.0,1.0,2.0
342,coronel fabriciano,13.0,13.0,2.0,3.0,6.0
343,cristina,13.0,13.0,2.0,1.0,1.0
344,cruzilia,13.0,13.0,2.0,1.0,1.0
345,curvelo,13.0,13.0,5.0,2.0,6.0
346,diamantina,13.0,13.0,9.0,2.0,4.0
347,divino,13.0,13.0,2.0,1.0,1.0
348,divinopolis,13.0,13.0,1.0,3.0,18.0
349,dores do indaia,13.0,13.0,3.0,1.0,2.0
350,eloi mendes,13.0,13.0,1.0,1.0,2.0
351,entrerios de minas,13.0,13.0,4.0,1.0,1.0
352,ervalia,13.0,13.0,2.0,1.0,1.0
353,esmeraldas,13.0,13.0,1.0,1.0,2.0
354,espera feliz,13.0,13.0,4.0,1.0,1.0
355,espinosa,13.0,13.0,2.0,1.0,1.0
356,estrela do sul,13.0,13.0,3.0,1.0,1.0
357,eugenopolis,13.0,13.0,2.0,1.0,1.0
358,extrema,13.0,13.0,2.0,1.0,2.0
359,formiga,13.0,13.0,3.0,2.0,6.0
360,francisco sa,13.0,13.0,2.0,1.0,2.0
361,frutal,13.0,13.0,4.0,2.0,5.0
362,galileia,13.0,13.0,3.0,1.0,1.0
363,governador valadares,13.0,13.0,4.0,3.0,20.0
364,grao mogol,13.0,13.0,4.0,,
365,guanhaes,13.0,13.0,4.0,2.0,2.0
366,guape,13.0,13.0,1.0,1.0,1.0
367,guaranesia,13.0,13.0,1.0,1.0,1.0
368,guarani,13.0,13.0,2.0,1.0,1.0
369,guaxupe,13.0,13.0,2.0,2.0,4.0
370,ibia,13.0,13.0,2.0,1.0,2.0
371,ibiraci,13.0,13.0,2.0,1.0,1.0
372,ibirite,13.0,13.0,3.0,2.0,8.0
373,igarape,13.0,13.0,2.0,1.0,4.0
374,iguatama,13.0,13.0,1.0,1.0,1.0
375,inhapim,13.0,13.0,7.0,2.0,2.0
376,ipanema,13.0,13.0,4.0,1.0,1.0
377,ipatinga,13.0,13.0,2.0,3.0,18.0
378,itabira,13.0,13.0,1.0,2.0,6.0
379,itabirito,13.0,13.0,1.0,1.0,2.0
380,itaguara,13.0,13.0,1.0,1.0,1.0
381,itajuba,13.0,13.0,5.0,2.0,8.0
382,itamarandiba,13.0,13.0,3.0,1.0,2.0
383,itambacuri,13.0,13.0,5.0,2.0,2.0
384,itamonte,13.0,13.0,2.0,1.0,1.0
385,itanhandu,13.0,13.0,2.0,1.0,1.0
386,itanhomi,13.0,13.0,2.0,1.0,1.0
387,itapagipe,13.0,13.0,2.0,1.0,1.0
388,itapecerica,13.0,13.0,3.0,1.0,2.0
389,itauna,13.0,13.0,2.0,2.0,7.0
390,ituiutaba,13.0,13.0,2.0,2.0,10.0
391,itumirim,13.0,13.0,3.0,1.0,1.0
392,iturama,13.0,13.0,4.0,2.0,4.0
393,jabuticatubas,13.0,13.0,2.0,1.0,1.0
394,jacinto,13.0,13.0,5.0,1.0,1.0
395,jacui,13.0,13.0,2.0,1.0,1.0
396,jacutinga,13.0,13.0,2.0,1.0,2.0
397,janauba,13.0,13.0,3.0,2.0,4.0
398,januaria,13.0,13.0,5.0,2.0,4.0
399,jequeri,13.0,13.0,3.0,1.0,1.0
400,jequitinhonha,13.0,13.0,3.0,1.0,1.0
401,joao monlevade,13.0,13.0,1.0,2.0,4.0
402,joao pinheiro,13.0,13.0,2.0,2.0,4.0
403,juiz de fora,13.0,13.0,4.0,3.0,37.0
404,lagoa da prata,13.0,13.0,2.0,2.0,2.0
405,lagoa santa,13.0,13.0,1.0,2.0,4.0
406,lajinha,13.0,13.0,3.0,1.0,1.0
407,lambari,13.0,13.0,3.0,1.0,2.0
408,lavras,13.0,13.0,4.0,2.0,7.0
409,leopoldina,13.0,13.0,3.0,2.0,4.0
410,lima duarte,13.0,13.0,3.0,1.0,1.0
411,luz,13.0,13.0,2.0,1.0,1.0
412,machado,13.0,13.0,2.0,1.0,2.0
413,malacacheta,13.0,13.0,3.0,1.0,1.0
414,manga,13.0,13.0,4.0,1.0,2.0
415,manhuacu,13.0,13.0,6.0,2.0,7.0
416,manhumirim,13.0,13.0,4.0,2.0,2.0
417,mantena,13.0,13.0,6.0,2.0,3.0
418,mar de espanha,13.0,13.0,3.0,1.0,1.0
419,mariana,13.0,13.0,2.0,2.0,3.0
420,martinho campos,13.0,13.0,2.0,1.0,1.0
421,mateus leme,13.0,13.0,2.0,2.0,3.0
422,matias barbosa,13.0,13.0,3.0,1.0,2.0
423,matozinhos,13.0,13.0,3.0,2.0,3.0
424,medina,13.0,13.0,2.0,1.0,2.0
425,merces,13.0,13.0,1.0,1.0,1.0
426,mesquita,13.0,13.0,3.0,1.0,1.0
427,minas novas,13.0,13.0,7.0,1.0,2.0
428,miradouro,13.0,13.0,2.0,1.0,1.0
429,mirai,13.0,13.0,2.0,1.0,1.0
430,montalvania,13.0,13.0,2.0,1.0,1.0
431,monte alegre de minas,13.0,13.0,1.0,1.0,1.0
432,monte azul,13.0,13.0,2.0,1.0,1.0
433,monte belo,13.0,13.0,1.0,1.0,1.0
434,monte carmelo,13.0,13.0,3.0,2.0,3.0
435,monte santo de minas,13.0,13.0,2.0,1.0,2.0
436,monte siao,13.0,13.0,1.0,1.0,1.0
437,montes claros,13.0,13.0,5.0,3.0,22.0
438,morada nova de minas,13.0,13.0,2.0,1.0,1.0
439,muriae,13.0,13.0,4.0,2.0,8.0
440,mutum,13.0,13.0,1.0,1.0,1.0
441,muzambinho,13.0,13.0,2.0,1.0,2.0
442,nanuque,13.0,13.0,2.0,2.0,4.0
443,natercia,13.0,13.0,2.0,1.0,1.0
444,nepomuceno,13.0,13.0,1.0,1.0,2.0
445,nova era,13.0,13.0,1.0,1.0,1.0
446,nova lima,13.0,13.0,3.0,2.0,5.0
447,nova ponte,13.0,13.0,4.0,1.0,2.0
448,nova resende,13.0,13.0,2.0,1.0,1.0
449,nova serrana,13.0,13.0,3.0,1.0,4.0
450,novo cruzeiro,13.0,13.0,2.0,1.0,1.0
451,oliveira,13.0,13.0,2.0,2.0,4.0
452,ouro branco,13.0,13.0,1.0,1.0,2.0
453,ouro fino,13.0,13.0,2.0,2.0,3.0
454,ouro preto,13.0,13.0,1.0,2.0,4.0
455,palma,13.0,13.0,2.0,1.0,1.0
456,para de minas,13.0,13.0,6.0,2.0,8.0
457,paracatu,13.0,13.0,1.0,2.0,5.0
458,paraguacu,13.0,13.0,2.0,1.0,2.0
459,paraisopolis,13.0,13.0,5.0,1.0,3.0
460,paraopeba,13.0,13.0,4.0,1.0,2.0
461,passaquatro,13.0,13.0,1.0,1.0,1.0
462,passatempo,13.0,13.0,2.0,1.0,1.0
463,passos,13.0,13.0,2.0,2.0,9.0
464,patos de minas,13.0,13.0,2.0,3.0,10.0
465,patrocinio,13.0,13.0,4.0,2.0,7.0
466,pecanha,13.0,13.0,5.0,1.0,1.0
467,pedra azul,13.0,13.0,5.0,1.0,2.0
468,pedralva,13.0,13.0,2.0,1.0,1.0
469,pedro leopoldo,13.0,13.0,2.0,2.0,5.0
470,perdizes,13.0,13.0,2.0,1.0,1.0
471,perdoes,13.0,13.0,2.0,1.0,1.0
472,piranga,13.0,13.0,4.0,1.0,1.0
473,pirapetinga,13.0,13.0,2.0,1.0,1.0
474,pirapora,13.0,13.0,3.0,2.0,4.0
475,pitangui,13.0,13.0,3.0,2.0,2.0
476,piumhi,13.0,13.0,3.0,2.0,2.0
477,poco fundo,13.0,13.0,1.0,1.0,1.0
478,pocos de caldas,13.0,13.0,1.0,3.0,11.0
479,pompeu,13.0,13.0,1.0,1.0,2.0
480,ponte nova,13.0,13.0,8.0,2.0,5.0
481,porteirinha,13.0,13.0,4.0,1.0,2.0
482,pouso alegre,13.0,13.0,4.0,3.0,12.0
483,prados,13.0,13.0,2.0,1.0,1.0
484,prata,13.0,13.0,1.0,1.0,2.0
485,pratapolis,13.0,13.0,2.0,1.0,1.0
486,presidente olegario,13.0,13.0,3.0,1.0,1.0
487,raul soares,13.0,13.0,2.0,1.0,1.0
488,resende costa,13.0,13.0,2.0,1.0,1.0
489,resplendor,13.0,13.0,3.0,1.0,1.0
490,ribeirao das neves,13.0,13.0,1.0,3.0,14.0
491,rio casca,13.0,13.0,3.0,1.0,1.0
492,rio novo,13.0,13.0,3.0,1.0,1.0
493,rio paranaiba,13.0,13.0,2.0,1.0,1.0
494,rio pardo de minas,13.0,13.0,3.0,1.0,2.0
495,rio piracicaba,13.0,13.0,2.0,1.0,1.0
496,rio pomba,13.0,13.0,3.0,1.0,1.0
497,rio preto,13.0,13.0,3.0,1.0,1.0
498,rio vermelho,13.0,13.0,1.0,1.0,1.0
499,sabara,13.0,13.0,1.0,2.0,6.0
500,sabinopolis,13.0,13.0,3.0,1.0,1.0
501,sacramento,13.0,13.0,1.0,2.0,2.0
502,salinas,13.0,13.0,6.0,1.0,2.0
503,santa barbara,13.0,13.0,3.0,1.0,2.0
504,santa luzia,13.0,13.0,1.0,3.0,12.0
505,santa maria do suacui,13.0,13.0,4.0,1.0,1.0
506,santa rita de caldas,13.0,13.0,2.0,1.0,1.0
507,santa rita do sapucai,13.0,13.0,2.0,2.0,3.0
508,santa vitoria,13.0,13.0,1.0,1.0,1.0
509,santo antonio do monte,13.0,13.0,2.0,1.0,1.0
510,santos dumont,13.0,13.0,5.0,2.0,4.0
511,sao domingos do prata,13.0,13.0,3.0,1.0,1.0
512,sao francisco,13.0,13.0,3.0,2.0,2.0
513,sao goncalo do sapucai,13.0,13.0,4.0,2.0,3.0
514,sao gotardo,13.0,13.0,2.0,1.0,2.0
515,sao joao da ponte,13.0,13.0,3.0,1.0,2.0
516,sao joao delrei,13.0,13.0,7.0,3.0,7.0
517,sao joao evangelista,13.0,13.0,2.0,1.0,1.0
518,sao joao nepomuceno,13.0,13.0,3.0,2.0,2.0
519,sao lourenco,13.0,13.0,3.0,2.0,7.0
520,sao romao,13.0,13.0,2.0,1.0,1.0
521,sao roque de minas,13.0,13.0,2.0,1.0,1.0
522,sao sebastiao do paraiso,13.0,13.0,1.0,2.0,7.0
523,senador firmino,13.0,13.0,3.0,1.0,1.0
524,serro,13.0,13.0,4.0,1.0,1.0
525,sete lagoas,13.0,13.0,8.0,3.0,14.0
526,silvianopolis,13.0,13.0,4.0,1.0,1.0
527,taiobeiras,13.0,13.0,3.0,1.0,1.0
528,tarumirim,13.0,13.0,4.0,1.0,1.0
529,teixeiras,13.0,13.0,2.0,1.0,1.0
530,teofilo otoni,13.0,13.0,7.0,3.0,12.0
531,timoteo,13.0,13.0,3.0,3.0,5.0
532,tiros,13.0,13.0,1.0,1.0,1.0
533,tombos,13.0,13.0,2.0,1.0,1.0
534,tres coracoes,13.0,13.0,3.0,2.0,7.0
535,tres marias,13.0,13.0,1.0,1.0,2.0
536,tres pontas,13.0,13.0,2.0,2.0,4.0
537,tupaciguara,13.0,13.0,2.0,1.0,2.0
538,turmalina,13.0,13.0,2.0,1.0,1.0
539,uba,13.0,13.0,4.0,2.0,6.0
540,uberaba,13.0,13.0,5.0,3.0,28.0
541,uberlandia,13.0,13.0,1.0,3.0,38.0
542,unai,13.0,13.0,2.0,2.0,6.0
543,varginha,13.0,13.0,2.0,3.0,10.0
544,varzea da palma,13.0,13.0,2.0,2.0,2.0
545,vazante,13.0,13.0,2.0,1.0,2.0
546,vespasiano,13.0,13.0,2.0,2.0,6.0
547,vicosa,13.0,13.0,6.0,2.0,6.0
548,virginopolis,13.0,13.0,6.0,1.0,1.0
549,visconde do rio branco,13.0,13.0,3.0,2.0,4.0
550,abaetetuba,14.0,14.0,1.0,,
551,acara,14.0,14.0,1.0,,
552,afua,14.0,14.0,1.0,,
553,alenquer,14.0,14.0,2.0,,
554,almeirim,14.0,14.0,1.0,,
555,altamira,14.0,14.0,2.0,,
556,anajas,14.0,14.0,1.0,,
557,ananindeua,14.0,14.0,1.0,,
558,augusto correa,14.0,14.0,1.0,,
559,aurora do para,14.0,14.0,1.0,,
560,baiao,14.0,14.0,1.0,,
561,barcarena,14.0,14.0,1.0,,
562,belem,14.0,14.0,1.0,,
563,benevides,14.0,14.0,2.0,,
564,bonito,14.0,14.0,1.0,,
565,braganca,14.0,14.0,2.0,,
566,brasil novo,14.0,14.0,1.0,,
567,breu branco,14.0,14.0,1.0,,
568,breves,14.0,14.0,2.0,,
569,bujaru,14.0,14.0,1.0,,
570,cachoeira do arari,14.0,14.0,2.0,,
571,cameta,14.0,14.0,1.0,,
572,canaa dos carajas,14.0,14.0,1.0,,
573,capanema,14.0,14.0,1.0,,
574,capitao poco,14.0,14.0,1.0,,
575,castanhal,14.0,14.0,2.0,,
576,chaves,14.0,14.0,1.0,,
577,conceicao do araguaia,14.0,14.0,3.0,,
578,concordia do para,14.0,14.0,1.0,,
579,curionopolis,14.0,14.0,1.0,,
580,curralinho,14.0,14.0,1.0,,
581,curuca,14.0,14.0,2.0,,
582,dom eliseu,14.0,14.0,1.0,,
583,faro,14.0,14.0,1.0,,
584,garrafao do norte,14.0,14.0,2.0,,
585,goianesia do para,14.0,14.0,1.0,,
586,gurupa,14.0,14.0,1.0,,
587,igarapeacu,14.0,14.0,2.0,,
588,igarapemiri,14.0,14.0,1.0,,
589,irituia,14.0,14.0,1.0,,
590,itaituba,14.0,14.0,3.0,,
591,itupiranga,14.0,14.0,1.0,,
592,jacareacanga,14.0,14.0,1.0,,
593,jacunda,14.0,14.0,1.0,,
594,limoeiro do ajuru,14.0,14.0,1.0,,
595,mae do rio,14.0,14.0,1.0,,
596,maraba,14.0,14.0,3.0,,
597,maracana,14.0,14.0,1.0,,
598,marapanim,14.0,14.0,1.0,,
599,marituba,14.0,14.0,1.0,,
600,medicilandia,14.0,14.0,1.0,,
601,melgaco,14.0,14.0,1.0,,
602,mocajuba,14.0,14.0,1.0,,
603,moju,14.0,14.0,1.0,,
604,monte alegre,14.0,14.0,1.0,,
605,muana,14.0,14.0,1.0,,
606,nova timboteua,14.0,14.0,1.0,,
607,novo progresso,14.0,14.0,1.0,,
608,novo repartimento,14.0,14.0,1.0,,
609,obidos,14.0,14.0,1.0,,
610,oeiras do para,14.0,14.0,1.0,,
611,oriximina,14.0,14.0,1.0,,
612,ourem,14.0,14.0,1.0,,
613,ourilandia do norte,14.0,14.0,1.0,,
614,pacaja,14.0,14.0,1.0,,
615,paragominas,14.0,14.0,1.0,,
616,parauapebas,14.0,14.0,1.0,,
617,peixeboi,14.0,14.0,1.0,,
618,ponta de pedras,14.0,14.0,1.0,,
619,portel,14.0,14.0,1.0,,
620,porto de moz,14.0,14.0,1.0,,
621,prainha,14.0,14.0,1.0,,
622,primavera,14.0,14.0,2.0,,
623,redencao,14.0,14.0,3.0,,
624,rio maria,14.0,14.0,2.0,,
625,rondon do para,14.0,14.0,2.0,,
626,ruropolis,14.0,14.0,1.0,,
627,salinopolis,14.0,14.0,1.0,,
628,salvaterra,14.0,14.0,1.0,,
629,santa isabel do para,14.0,14.0,1.0,,
630,santa luzia do para,14.0,14.0,2.0,,
631,santa maria do para,14.0,14.0,1.0,,
632,santana do araguaia,14.0,14.0,1.0,,
633,santarem,14.0,14.0,2.0,,
634,santarem novo,14.0,14.0,2.0,,
635,santo antonio do taua,14.0,14.0,1.0,,
636,sao caetano de odivelas,14.0,14.0,1.0,,
637,sao domingos do araguaia,14.0,14.0,1.0,,
638,sao domingos do capim,14.0,14.0,1.0,,
639,sao felix do xingu,14.0,14.0,1.0,,
640,sao francisco do para,14.0,14.0,1.0,,
641,sao geraldo do araguaia,14.0,14.0,2.0,,
642,sao joao do araguaia,14.0,14.0,3.0,,
643,sao miguel do guama,14.0,14.0,1.0,,
644,sao sebastiao da boa vista,14.0,14.0,1.0,,
645,senador jose porfirio,14.0,14.0,1.0,,
646,soure,14.0,14.0,1.0,,
647,tailandia,14.0,14.0,1.0,,
648,terra santa,14.0,14.0,1.0,,
649,tomeacu,14.0,14.0,1.0,,
650,tucuma,14.0,14.0,1.0,,
651,tucurui,14.0,14.0,1.0,,
652,ulianopolis,14.0,14.0,1.0,,
653,uruara,14.0,14.0,2.0,,
654,vigia,14.0,14.0,2.0,,
655,viseu,14.0,14.0,1.0,,
656,xinguara,14.0,14.0,3.0,,
657,agua branca,15.0,15.0,3.0,,
658,alagoa grande,15.0,15.0,2.0,,
659,alagoa nova,15.0,15.0,2.0,,
660,alagoinha,15.0,15.0,2.0,,
661,alhandra,15.0,15.0,2.0,,
662,aracagi,15.0,15.0,1.0,,
663,arara,15.0,15.0,2.0,,
664,araruna,15.0,15.0,3.0,,
665,areia,15.0,15.0,1.0,,
666,aroeiras,15.0,15.0,2.0,,
667,bananeiras,15.0,15.0,1.0,,
668,barra de santa rosa,15.0,15.0,2.0,,
669,bayeux,15.0,15.0,1.0,,
670,belem,15.0,15.0,2.0,,
671,bonito de santa fe,15.0,15.0,2.0,,
672,boqueirao,15.0,15.0,4.0,,
673,brejo do cruz,15.0,15.0,3.0,,
674,caapora,15.0,15.0,2.0,,
675,cabaceiras,15.0,15.0,3.0,,
676,cabedelo,15.0,15.0,1.0,,
677,caicara,15.0,15.0,2.0,,
678,cajazeiras,15.0,15.0,3.0,,
679,campina grande,15.0,15.0,4.0,,
680,catole do rocha,15.0,15.0,6.0,,
681,conceicao,15.0,15.0,4.0,,
682,coremas,15.0,15.0,1.0,,
683,cruz do espirito santo,15.0,15.0,1.0,,
684,cuite,15.0,15.0,2.0,,
685,esperanca,15.0,15.0,4.0,,
686,guarabira,15.0,15.0,3.0,,
687,gurinhem,15.0,15.0,2.0,,
688,inga,15.0,15.0,4.0,,
689,itabaiana,15.0,15.0,4.0,,
690,itaporanga,15.0,15.0,7.0,,
691,jacarau,15.0,15.0,4.0,,
692,joao pessoa,15.0,15.0,1.0,,
693,juazeirinho,15.0,15.0,6.0,,
694,lucena,15.0,15.0,1.0,,
695,mamanguape,15.0,15.0,5.0,,
696,mari,15.0,15.0,1.0,,
697,monteiro,15.0,15.0,4.0,,
698,patos,15.0,15.0,8.0,,
699,paulista,15.0,15.0,1.0,,
700,pedras de fogo,15.0,15.0,1.0,,
701,pianco,15.0,15.0,6.0,,
702,picui,15.0,15.0,5.0,,
703,pilar,15.0,15.0,3.0,,
704,piloes,15.0,15.0,1.0,,
705,pirpirituba,15.0,15.0,4.0,,
706,pocinhos,15.0,15.0,2.0,,
707,pombal,15.0,15.0,5.0,,
708,prata,15.0,15.0,2.0,,
709,princesa isabel,15.0,15.0,4.0,,
710,queimadas,15.0,15.0,3.0,,
711,remigio,15.0,15.0,2.0,,
712,rio tinto,15.0,15.0,3.0,,
713,santa luzia,15.0,15.0,5.0,,
714,santa rita,15.0,15.0,1.0,,
715,santana dos garrotes,15.0,15.0,2.0,,
716,sao bento,15.0,15.0,1.0,,
717,sao joao do cariri,15.0,15.0,3.0,,
718,sao joao do rio do peixe,15.0,15.0,5.0,,
719,sao jose de piranhas,15.0,15.0,2.0,,
720,sao mamede,15.0,15.0,1.0,,
721,sape,15.0,15.0,3.0,,
722,serra branca,15.0,15.0,4.0,,
723,serraria,15.0,15.0,2.0,,
724,solanea,15.0,15.0,1.0,,
725,soledade,15.0,15.0,5.0,,
726,sousa,15.0,15.0,9.0,,
727,sume,15.0,15.0,3.0,,
728,taperoa,15.0,15.0,4.0,,
729,teixeira,15.0,15.0,5.0,,
730,uirauna,15.0,15.0,2.0,,
731,umbuzeiro,15.0,15.0,3.0,,
732,alto parana,16.0,16.0,3.0,,
733,alto piquiri,16.0,16.0,2.0,,
734,altonia,16.0,16.0,2.0,,
735,andira,16.0,16.0,3.0,,
736,antonina,16.0,16.0,2.0,,
737,apucarana,16.0,16.0,3.0,,
738,arapongas,16.0,16.0,2.0,,
739,arapoti,16.0,16.0,1.0,,
740,assai,16.0,16.0,3.0,,
741,assis chateaubriand,16.0,16.0,2.0,,
742,astorga,16.0,16.0,3.0,,
743,bandeirantes,16.0,16.0,2.0,,
744,barbosa ferraz,16.0,16.0,2.0,,
745,barracao,16.0,16.0,3.0,,
746,bela vista do paraiso,16.0,16.0,2.0,,
747,bocaiuva do sul,16.0,16.0,3.0,,
748,cambara,16.0,16.0,1.0,,
749,cambe,16.0,16.0,1.0,,
750,campina da lagoa,16.0,16.0,3.0,,
751,campo mourao,16.0,16.0,4.0,,
752,candido de abreu,16.0,16.0,1.0,,
753,cantagalo,16.0,16.0,3.0,,
754,capanema,16.0,16.0,3.0,,
755,capitao leonidas marques,16.0,16.0,3.0,,
756,carlopolis,16.0,16.0,1.0,,
757,cascavel,16.0,16.0,3.0,,
758,castro,16.0,16.0,2.0,,
759,catanduvas,16.0,16.0,3.0,,
760,centenario do sul,16.0,16.0,3.0,,
761,cerro azul,16.0,16.0,2.0,,
762,chopinzinho,16.0,16.0,1.0,,
763,cianorte,16.0,16.0,6.0,,
764,cidade gaucha,16.0,16.0,5.0,,
765,clevelandia,16.0,16.0,2.0,,
766,colorado,16.0,16.0,4.0,,
767,congonhinhas,16.0,16.0,2.0,,
768,corbelia,16.0,16.0,4.0,,
769,cornelio procopio,16.0,16.0,3.0,,
770,coronel vivida,16.0,16.0,2.0,,
771,cruzeiro do oeste,16.0,16.0,4.0,,
772,curitiba,16.0,16.0,1.0,,
773,curiuva,16.0,16.0,3.0,,
774,dois vizinhos,16.0,16.0,4.0,,
775,engenheiro beltrao,16.0,16.0,3.0,,
776,faxinal,16.0,16.0,3.0,,
777,formosa do oeste,16.0,16.0,2.0,,
778,foz do iguacu,16.0,16.0,2.0,,
779,francisco beltrao,16.0,16.0,3.0,,
780,goioere,16.0,16.0,4.0,,
781,grandes rios,16.0,16.0,3.0,,
782,guaira,16.0,16.0,1.0,,
783,guaraniacu,16.0,16.0,3.0,,
784,guarapuava,16.0,16.0,5.0,,
785,guaratuba,16.0,16.0,1.0,,
786,ibaiti,16.0,16.0,3.0,,
787,ibipora,16.0,16.0,2.0,,
788,icaraima,16.0,16.0,2.0,,
789,imbituva,16.0,16.0,3.0,,
790,ipiranga,16.0,16.0,1.0,,
791,ipora,16.0,16.0,3.0,,
792,irati,16.0,16.0,2.0,,
793,iretama,16.0,16.0,2.0,,
794,ivaipora,16.0,16.0,6.0,,
795,jaguapita,16.0,16.0,2.0,,
796,jaguariaiva,16.0,16.0,1.0,,
797,jandaia do sul,16.0,16.0,5.0,,
798,joaquim tavora,16.0,16.0,3.0,,
799,lapa,16.0,16.0,2.0,,
800,laranjeiras do sul,16.0,16.0,5.0,,
801,loanda,16.0,16.0,5.0,,
802,londrina,16.0,16.0,2.0,,
803,mallet,16.0,16.0,2.0,,
804,mambore,16.0,16.0,2.0,,
805,mandaguacu,16.0,16.0,3.0,,
806,mandaguari,16.0,16.0,1.0,,
807,mangueirinha,16.0,16.0,1.0,,
808,manoel ribas,16.0,16.0,2.0,,
809,marechal candido rondon,16.0,16.0,6.0,,
810,marialva,16.0,16.0,2.0,,
811,marilandia do sul,16.0,16.0,4.0,,
812,maringa,16.0,16.0,5.0,,
813,matelandia,16.0,16.0,4.0,,
814,matinhos,16.0,16.0,1.0,,
815,medianeira,16.0,16.0,3.0,,
816,morretes,16.0,16.0,1.0,,
817,nova esperanca,16.0,16.0,5.0,,
818,nova fatima,16.0,16.0,1.0,,
819,nova londrina,16.0,16.0,4.0,,
820,ortigueira,16.0,16.0,1.0,,
821,palmas,16.0,16.0,2.0,,
822,palmeira,16.0,16.0,2.0,,
823,palmital,16.0,16.0,2.0,,
824,palotina,16.0,16.0,2.0,,
825,paraiso do norte,16.0,16.0,3.0,,
826,paranacity,16.0,16.0,5.0,,
827,paranagua,16.0,16.0,1.0,,
828,paranavai,16.0,16.0,4.0,,
829,pato branco,16.0,16.0,4.0,,
830,peabiru,16.0,16.0,2.0,,
831,perola,16.0,16.0,2.0,,
832,pinhao,16.0,16.0,2.0,,
833,pirai do sul,16.0,16.0,1.0,,
834,pitanga,16.0,16.0,4.0,,
835,ponta grossa,16.0,16.0,1.0,,
836,porecatu,16.0,16.0,4.0,,
837,primeiro de maio,16.0,16.0,1.0,,
838,prudentopolis,16.0,16.0,1.0,,
839,quedas do iguacu,16.0,16.0,2.0,,
840,realeza,16.0,16.0,2.0,,
841,reboucas,16.0,16.0,2.0,,
842,reserva,16.0,16.0,1.0,,
843,ribeirao claro,16.0,16.0,1.0,,
844,ribeirao do pinhal,16.0,16.0,3.0,,
845,rio branco do sul,16.0,16.0,2.0,,
846,rio negro,16.0,16.0,4.0,,
847,rolandia,16.0,16.0,1.0,,
848,salto do lontra,16.0,16.0,3.0,,
849,santa fe,16.0,16.0,6.0,,
850,santa helena,16.0,16.0,3.0,,
851,santa isabel do ivai,16.0,16.0,3.0,,
852,santa mariana,16.0,16.0,1.0,,
853,santo antonio da platina,16.0,16.0,1.0,,
854,santo antonio do sudoeste,16.0,16.0,2.0,,
855,sao jeronimo da serra,16.0,16.0,3.0,,
856,sao joao do ivai,16.0,16.0,3.0,,
857,sao joao do triunfo,16.0,16.0,1.0,,
858,sao mateus do sul,16.0,16.0,2.0,,
859,sao miguel do iguacu,16.0,16.0,2.0,,
860,sarandi,16.0,16.0,1.0,,
861,senges,16.0,16.0,1.0,,
862,sertanopolis,16.0,16.0,1.0,,
863,siqueira campos,16.0,16.0,2.0,,
864,teixeira soares,16.0,16.0,2.0,,
865,telemaco borba,16.0,16.0,2.0,,
866,terra boa,16.0,16.0,1.0,,
867,terra rica,16.0,16.0,2.0,,
868,terra roxa,16.0,16.0,1.0,,
869,tibagi,16.0,16.0,2.0,,
870,toledo,16.0,16.0,3.0,,
871,tomazina,16.0,16.0,3.0,,
872,ubirata,16.0,16.0,2.0,,
873,umuarama,16.0,16.0,4.0,,
874,uniao da vitoria,16.0,16.0,6.0,,
875,urai,16.0,16.0,2.0,,
876,wenceslau braz,16.0,16.0,3.0,,
877,xambre,16.0,16.0,2.0,,
878,abreu e lima,17.0,17.0,1.0,,
879,afogados da ingazeira,17.0,17.0,2.0,,
880,afranio,17.0,17.0,2.0,,
881,agrestina,17.0,17.0,1.0,,
882,agua preta,17.0,17.0,2.0,,
883,aguas belas,17.0,17.0,1.0,,
884,alagoinha,17.0,17.0,1.0,,
885,alianca,17.0,17.0,1.0,,
886,altinho,17.0,17.0,1.0,,
887,amaraji,17.0,17.0,1.0,,
888,angelim,17.0,17.0,1.0,,
889,araripina,17.0,17.0,1.0,,
890,arcoverde,17.0,17.0,1.0,,
891,barreiros,17.0,17.0,1.0,,
892,belem de maria,17.0,17.0,1.0,,
893,belem do sao francisco,17.0,17.0,2.0,,
894,belo jardim,17.0,17.0,1.0,,
895,betania,17.0,17.0,1.0,,
896,bezerros,17.0,17.0,1.0,,
897,bodoco,17.0,17.0,2.0,,
898,bom conselho,17.0,17.0,2.0,,
899,bom jardim,17.0,17.0,2.0,,
900,bonito,17.0,17.0,2.0,,
901,brejao,17.0,17.0,1.0,,
902,brejo da madre de deus,17.0,17.0,1.0,,
903,buenos aires,17.0,17.0,1.0,,
904,buique,17.0,17.0,1.0,,
905,cabo de santo agostinho,17.0,17.0,1.0,,
906,cabrobo,17.0,17.0,1.0,,
907,cachoeirinha,17.0,17.0,1.0,,
908,caetes,17.0,17.0,1.0,,
909,calcado,17.0,17.0,1.0,,
910,camaragibe,17.0,17.0,1.0,,
911,camocim de sao felix,17.0,17.0,1.0,,
912,canhotinho,17.0,17.0,1.0,,
913,capoeiras,17.0,17.0,1.0,,
914,carnaiba,17.0,17.0,2.0,,
915,carpina,17.0,17.0,2.0,,
916,caruaru,17.0,17.0,1.0,,
917,catende,17.0,17.0,1.0,,
918,cha grande,17.0,17.0,1.0,,
919,condado,17.0,17.0,1.0,,
920,correntes,17.0,17.0,1.0,,
921,cortes,17.0,17.0,1.0,,
922,cumaru,17.0,17.0,1.0,,
923,cupira,17.0,17.0,1.0,,
924,custodia,17.0,17.0,1.0,,
925,escada,17.0,17.0,1.0,,
926,exu,17.0,17.0,1.0,,
927,feira nova,17.0,17.0,1.0,,
928,ferreiros,17.0,17.0,2.0,,
929,flores,17.0,17.0,2.0,,
930,floresta,17.0,17.0,1.0,,
931,gameleira,17.0,17.0,1.0,,
932,garanhuns,17.0,17.0,1.0,,
933,gloria do goita,17.0,17.0,2.0,,
934,goiana,17.0,17.0,1.0,,
935,gravata,17.0,17.0,1.0,,
936,iati,17.0,17.0,1.0,,
937,ibimirim,17.0,17.0,1.0,,
938,ibirajuba,17.0,17.0,1.0,,
939,igarassu,17.0,17.0,2.0,,
940,ilha de itamaraca,17.0,17.0,1.0,,
941,inaja,17.0,17.0,2.0,,
942,ipojuca,17.0,17.0,1.0,,
943,ipubi,17.0,17.0,1.0,,
944,itaiba,17.0,17.0,1.0,,
945,itambe,17.0,17.0,1.0,,
946,itapetim,17.0,17.0,2.0,,
947,itapissuma,17.0,17.0,1.0,,
948,itaquitinga,17.0,17.0,1.0,,
949,jaboatao dos guararapes,17.0,17.0,1.0,,
950,jatauba,17.0,17.0,1.0,,
951,joao alfredo,17.0,17.0,2.0,,
952,joaquim nabuco,17.0,17.0,1.0,,
953,jupi,17.0,17.0,2.0,,
954,jurema,17.0,17.0,1.0,,
955,lagoa de itaenga,17.0,17.0,1.0,,
956,lagoa do ouro,17.0,17.0,1.0,,
957,lagoa dos gatos,17.0,17.0,1.0,,
958,lagoa grande,17.0,17.0,1.0,,
959,lajedo,17.0,17.0,1.0,,
960,limoeiro,17.0,17.0,1.0,,
961,macaparana,17.0,17.0,1.0,,
962,maraial,17.0,17.0,2.0,,
963,mirandiba,17.0,17.0,2.0,,
964,moreilandia,17.0,17.0,1.0,,
965,moreno,17.0,17.0,1.0,,
966,nazare da mata,17.0,17.0,1.0,,
967,olinda,17.0,17.0,1.0,,
968,orobo,17.0,17.0,1.0,,
969,oroco,17.0,17.0,1.0,,
970,ouricuri,17.0,17.0,3.0,,
971,palmares,17.0,17.0,1.0,,
972,palmeirina,17.0,17.0,1.0,,
973,panelas,17.0,17.0,1.0,,
974,parnamirim,17.0,17.0,1.0,,
975,passira,17.0,17.0,1.0,,
976,paudalho,17.0,17.0,1.0,,
977,paulista,17.0,17.0,1.0,,
978,pedra,17.0,17.0,1.0,,
979,pesqueira,17.0,17.0,1.0,,
980,petrolandia,17.0,17.0,2.0,,
981,petrolina,17.0,17.0,1.0,,
982,pocao,17.0,17.0,1.0,,
983,pombos,17.0,17.0,1.0,,
984,primavera,17.0,17.0,1.0,,
985,quipapa,17.0,17.0,2.0,,
986,recife,17.0,17.0,2.0,,
987,riacho das almas,17.0,17.0,1.0,,
988,ribeirao,17.0,17.0,1.0,,
989,rio formoso,17.0,17.0,1.0,,
990,saire,17.0,17.0,1.0,,
991,salgueiro,17.0,17.0,1.0,,
992,saloa,17.0,17.0,2.0,,
993,sanharo,17.0,17.0,1.0,,
994,santa cruz do capibaribe,17.0,17.0,1.0,,
995,santa maria da boa vista,17.0,17.0,1.0,,
996,santa maria do cambuca,17.0,17.0,2.0,,
997,sao bento do una,17.0,17.0,1.0,,
998,sao caetano,17.0,17.0,1.0,,
999,sao joao,17.0,17.0,1.0,,
1000,sao joaquim do monte,17.0,17.0,1.0,,
1001,sao jose da coroa grande,17.0,17.0,1.0,,
1002,sao jose do belmonte,17.0,17.0,1.0,,
1003,sao jose do egito,17.0,17.0,2.0,,
1004,sao lourenco da mata,17.0,17.0,1.0,,
1005,sao vicente ferrer,17.0,17.0,1.0,,
1006,serra talhada,17.0,17.0,1.0,,
1007,serrita,17.0,17.0,2.0,,
1008,sertania,17.0,17.0,1.0,,
1009,sirinhaem,17.0,17.0,1.0,,
1010,surubim,17.0,17.0,3.0,,
1011,tabira,17.0,17.0,2.0,,
1012,tacaimbo,17.0,17.0,1.0,,
1013,tacaratu,17.0,17.0,1.0,,
1014,tamandare,17.0,17.0,1.0,,
1015,taquaritinga do norte,17.0,17.0,1.0,,
1016,terra nova,17.0,17.0,1.0,,
1017,timbauba,17.0,17.0,1.0,,
1018,toritama,17.0,17.0,1.0,,
1019,tracunhaem,17.0,17.0,1.0,,
1020,trindade,17.0,17.0,1.0,,
1021,triunfo,17.0,17.0,2.0,,
1022,tupanatinga,17.0,17.0,1.0,,
1023,tuparetama,17.0,17.0,2.0,,
1024,venturosa,17.0,17.0,1.0,,
1025,verdejante,17.0,17.0,1.0,,
1026,vertentes,17.0,17.0,1.0,,
1027,vicencia,17.0,17.0,1.0,,
1028,vitoria de santo antao,17.0,17.0,1.0,,
1029,agua branca,18.0,18.0,4.0,,
1030,alto longa,18.0,18.0,2.0,,
1031,altos,18.0,18.0,3.0,,
1032,amarante,18.0,18.0,1.0,,
1033,angical do piaui,18.0,18.0,2.0,,
1034,anisio de abreu,18.0,18.0,2.0,,
1035,antonio almeida,18.0,18.0,2.0,,
1036,aroazes,18.0,18.0,1.0,,
1037,arraial,18.0,18.0,2.0,,
1038,avelino lopes,18.0,18.0,2.0,,
1039,barras,18.0,18.0,3.0,,
1040,barro duro,18.0,18.0,2.0,,
1041,batalha,18.0,18.0,1.0,,
1042,beneditinos,18.0,18.0,1.0,,
1043,bertolinia,18.0,18.0,2.0,,
1044,bocaina,18.0,18.0,2.0,,
1045,bom jesus,18.0,18.0,2.0,,
1046,buriti dos lopes,18.0,18.0,4.0,,
1047,campinas do piaui,18.0,18.0,3.0,,
1048,campo maior,18.0,18.0,4.0,,
1049,canto do buriti,18.0,18.0,3.0,,
1050,capitao de campos,18.0,18.0,3.0,,
1051,caracol,18.0,18.0,2.0,,
1052,castelo do piaui,18.0,18.0,4.0,,
1053,cocal,18.0,18.0,2.0,,
1054,conceicao do caninde,18.0,18.0,2.0,,
1055,corrente,18.0,18.0,2.0,,
1056,cristalandia do piaui,18.0,18.0,1.0,,
1057,cristino castro,18.0,18.0,4.0,,
1058,curimata,18.0,18.0,2.0,,
1059,demerval lobao,18.0,18.0,2.0,,
1060,elesbao veloso,18.0,18.0,1.0,,
1061,eliseu martins,18.0,18.0,2.0,,
1062,esperantina,18.0,18.0,2.0,,
1063,floriano,18.0,18.0,1.0,,
1064,francinopolis,18.0,18.0,1.0,,
1065,francisco santos,18.0,18.0,1.0,,
1066,fronteiras,18.0,18.0,1.0,,
1067,gilbues,18.0,18.0,3.0,,
1068,guadalupe,18.0,18.0,1.0,,
1069,inhuma,18.0,18.0,1.0,,
1070,ipiranga do piaui,18.0,18.0,1.0,,
1071,itainopolis,18.0,18.0,2.0,,
1072,itaueira,18.0,18.0,2.0,,
1073,jaicos,18.0,18.0,4.0,,
1074,jerumenha,18.0,18.0,2.0,,
1075,joaquim pires,18.0,18.0,2.0,,
1076,jose de freitas,18.0,18.0,1.0,,
1077,luzilandia,18.0,18.0,3.0,,
1078,miguel alves,18.0,18.0,1.0,,
1079,oeiras,18.0,18.0,7.0,,
1080,padre marcos,18.0,18.0,4.0,,
1081,parnaiba,18.0,18.0,2.0,,
1082,paulistana,18.0,18.0,5.0,,
1083,pedro ii,18.0,18.0,3.0,,
1084,picos,18.0,18.0,8.0,,
1085,pimenteiras,18.0,18.0,1.0,,
1086,pio ix,18.0,18.0,1.0,,
1087,piracuruca,18.0,18.0,3.0,,
1088,piripiri,18.0,18.0,1.0,,
1089,porto,18.0,18.0,2.0,,
1090,redencao do gurgueia,18.0,18.0,1.0,,
1091,regeneracao,18.0,18.0,1.0,,
1092,ribeiro goncalves,18.0,18.0,2.0,,
1093,santa cruz do piaui,18.0,18.0,2.0,,
1094,santa filomena,18.0,18.0,1.0,,
1095,sao goncalo do piaui,18.0,18.0,2.0,,
1096,sao joao do piaui,18.0,18.0,7.0,,
1097,sao miguel do tapuio,18.0,18.0,3.0,,
1098,sao pedro do piaui,18.0,18.0,2.0,,
1099,sao raimundo nonato,18.0,18.0,9.0,,
1100,simoes,18.0,18.0,3.0,,
1101,simplicio mendes,18.0,18.0,2.0,,
1102,socorro do piaui,18.0,18.0,2.0,,
1103,teresina,18.0,18.0,1.0,,
1104,uniao,18.0,18.0,2.0,,
1105,urucui,18.0,18.0,1.0,,
1106,valenca do piaui,18.0,18.0,3.0,,
1107,varzea grande,18.0,18.0,3.0,,
1108,angra dos reis,19.0,19.0,1.0,2.0,
1109,araruama,19.0,19.0,1.0,2.0,
1110,arraial do cabo,19.0,19.0,1.0,1.0,
1111,barra do pirai,19.0,19.0,1.0,2.0,
1112,barra mansa,19.0,19.0,2.0,2.0,
1113,belford roxo,19.0,19.0,1.0,2.0,
1114,bom jardim,19.0,19.0,1.0,1.0,
1115,bom jesus do itabapoana,19.0,19.0,1.0,1.0,
1116,cabo frio,19.0,19.0,2.0,2.0,
1117,cachoeiras de macacu,19.0,19.0,1.0,,
1118,cambuci,19.0,19.0,2.0,1.0,
1119,campos,19.0,19.0,3.0,3.0,
1120,cantagalo,19.0,19.0,1.0,1.0,
1121,carapebus,19.0,19.0,2.0,,
1122,carmo,19.0,19.0,1.0,1.0,
1123,casimiro de abreu,19.0,19.0,2.0,1.0,
1124,conceicao de macabu,19.0,19.0,1.0,1.0,
1125,cordeiro,19.0,19.0,2.0,1.0,
1126,duas barras,19.0,19.0,1.0,,
1127,duque de caxias,19.0,19.0,1.0,3.0,
1128,engenheiro paulo de frontin,19.0,19.0,1.0,,
1129,itaborai,19.0,19.0,2.0,2.0,
1130,itaguai,19.0,19.0,2.0,2.0,
1131,itaocara,19.0,19.0,1.0,1.0,
1132,itaperuna,19.0,19.0,1.0,2.0,
1133,laje do muriae,19.0,19.0,1.0,1.0,
1134,macae,19.0,19.0,1.0,2.0,
1135,mage,19.0,19.0,2.0,2.0,
1136,mangaratiba,19.0,19.0,1.0,1.0,
1137,marica,19.0,19.0,1.0,1.0,
1138,mendes,19.0,19.0,1.0,1.0,
1139,miguel pereira,19.0,19.0,1.0,1.0,
1140,miracema,19.0,19.0,1.0,1.0,
1141,natividade,19.0,19.0,2.0,1.0,
1142,nilopolis,19.0,19.0,1.0,2.0,
1143,niteroi,19.0,19.0,1.0,3.0,
1144,nova friburgo,19.0,19.0,1.0,2.0,
1145,nova iguacu,19.0,19.0,4.0,3.0,
1146,paracambi,19.0,19.0,1.0,1.0,
1147,paraiba do sul,19.0,19.0,1.0,1.0,
1148,paraty,19.0,19.0,1.0,,
1149,petropolis,19.0,19.0,2.0,3.0,
1150,pirai,19.0,19.0,2.0,1.0,
1151,porciuncula,19.0,19.0,1.0,1.0,
1152,resende,19.0,19.0,3.0,2.0,
1153,rio bonito,19.0,19.0,1.0,2.0,
1154,rio claro,19.0,19.0,1.0,1.0,
1155,rio das flores,19.0,19.0,1.0,1.0,
1156,rio de janeiro,19.0,19.0,1.0,,
1157,santa maria madalena,19.0,19.0,1.0,1.0,
1158,santo antonio de padua,19.0,19.0,2.0,,
1159,sao fidelis,19.0,19.0,1.0,1.0,
1160,sao goncalo,19.0,19.0,1.0,3.0,
1161,sao joao da barra,19.0,19.0,2.0,2.0,
1162,sao joao de meriti,19.0,19.0,1.0,3.0,
1163,sao pedro da aldeia,19.0,19.0,2.0,2.0,
1164,sao sebastiao do alto,19.0,19.0,1.0,1.0,
1165,sapucaia,19.0,19.0,1.0,1.0,
1166,saquarema,19.0,19.0,1.0,2.0,
1167,silva jardim,19.0,19.0,1.0,1.0,
1168,sumidouro,19.0,19.0,1.0,1.0,
1169,teresopolis,19.0,19.0,1.0,2.0,
1170,trajano de moraes,19.0,19.0,1.0,1.0,
1171,tres rios,19.0,19.0,3.0,2.0,
1172,valenca,19.0,19.0,1.0,2.0,
1173,vassouras,19.0,19.0,2.0,1.0,
1174,volta redonda,19.0,19.0,1.0,3.0,
1175,agua branca,2.0,2.0,2.0,,
1176,anadia,2.0,2.0,2.0,,
1177,arapiraca,2.0,2.0,2.0,,
1178,atalaia,2.0,2.0,1.0,,
1179,batalha,2.0,2.0,3.0,,
1180,boca da mata,2.0,2.0,1.0,,
1181,cacimbinhas,2.0,2.0,3.0,,
1182,cajueiro,2.0,2.0,1.0,,
1183,campo alegre,2.0,2.0,1.0,,
1184,canapi,2.0,2.0,1.0,,
1185,capela,2.0,2.0,1.0,,
1186,coruripe,2.0,2.0,1.0,,
1187,delmiro gouveia,2.0,2.0,1.0,,
1188,feira grande,2.0,2.0,2.0,,
1189,flexeiras,2.0,2.0,1.0,,
1190,girau do ponciano,2.0,2.0,2.0,,
1191,igaci,2.0,2.0,1.0,,
1192,igreja nova,2.0,2.0,1.0,,
1193,joaquim gomes,2.0,2.0,1.0,,
1194,junqueiro,2.0,2.0,1.0,,
1195,limoeiro de anadia,2.0,2.0,1.0,,
1196,maceio,2.0,2.0,1.0,,
1197,major isidoro,2.0,2.0,2.0,,
1198,maragogi,2.0,2.0,2.0,,
1199,maravilha,2.0,2.0,3.0,,
1200,marechal deodoro,2.0,2.0,1.0,,
1201,maribondo,2.0,2.0,2.0,,
1202,mata grande,2.0,2.0,2.0,,
1203,matriz de camaragibe,2.0,2.0,1.0,,
1204,messias,2.0,2.0,1.0,,
1205,murici,2.0,2.0,2.0,,
1206,novo lino,2.0,2.0,2.0,,
1207,olho dagua das flores,2.0,2.0,2.0,,
1208,palmeira dos indios,2.0,2.0,2.0,,
1209,pao de acucar,2.0,2.0,2.0,,
1210,paripueira,2.0,2.0,2.0,,
1211,passo de camaragibe,2.0,2.0,1.0,,
1212,paulo jacinto,2.0,2.0,1.0,,
1213,penedo,2.0,2.0,1.0,,
1214,piacabucu,2.0,2.0,2.0,,
1215,pilar,2.0,2.0,1.0,,
1216,piranhas,2.0,2.0,2.0,,
1217,porto calvo,2.0,2.0,3.0,,
1218,porto de pedras,2.0,2.0,2.0,,
1219,porto real do colegio,2.0,2.0,1.0,,
1220,quebrangulo,2.0,2.0,1.0,,
1221,rio largo,2.0,2.0,1.0,,
1222,santa luzia do norte,2.0,2.0,3.0,,
1223,santana do ipanema,2.0,2.0,2.0,,
1224,sao bras,2.0,2.0,2.0,,
1225,sao jose da laje,2.0,2.0,2.0,,
1226,sao jose da tapera,2.0,2.0,3.0,,
1227,sao miguel dos campos,2.0,2.0,4.0,,
1228,sao sebastiao,2.0,2.0,1.0,,
1229,taquarana,2.0,2.0,3.0,,
1230,teotonio vilela,2.0,2.0,1.0,,
1231,traipu,2.0,2.0,1.0,,
1232,uniao dos palmares,2.0,2.0,2.0,,
1233,vicosa,2.0,2.0,3.0,,
1234,acari,20.0,20.0,2.0,,
1235,acu,20.0,20.0,4.0,,
1236,almino afonso,20.0,20.0,4.0,,
1237,angicos,20.0,20.0,3.0,,
1238,apodi,20.0,20.0,5.0,,
1239,areia branca,20.0,20.0,3.0,,
1240,barauna,20.0,20.0,1.0,,
1241,caico,20.0,20.0,4.0,,
1242,campo grande,20.0,20.0,3.0,,
1243,canguaretama,20.0,20.0,3.0,,
1244,caraubas,20.0,20.0,1.0,,
1245,cruzeta,20.0,20.0,2.0,,
1246,currais novos,20.0,20.0,3.0,,
1247,extremoz,20.0,20.0,2.0,,
1248,florania,20.0,20.0,3.0,,
1249,goianinha,20.0,20.0,3.0,,
1250,ipanguacu,20.0,20.0,2.0,,
1251,jardim de piranhas,20.0,20.0,1.0,,
1252,jardim do serido,20.0,20.0,2.0,,
1253,joao camara,20.0,20.0,6.0,,
1254,jucurutu,20.0,20.0,1.0,,
1255,lajes,20.0,20.0,4.0,,
1256,luis gomes,20.0,20.0,4.0,,
1257,macaiba,20.0,20.0,3.0,,
1258,macau,20.0,20.0,2.0,,
1259,marcelino vieira,20.0,20.0,2.0,,
1260,martins,20.0,20.0,3.0,,
1261,monte alegre,20.0,20.0,4.0,,
1262,mossoro,20.0,20.0,3.0,,
1263,natal,20.0,20.0,1.0,,
1264,nisia floresta,20.0,20.0,1.0,,
1265,nova cruz,20.0,20.0,4.0,,
1266,parelhas,20.0,20.0,3.0,,
1267,parnamirim,20.0,20.0,1.0,,
1268,patu,20.0,20.0,2.0,,
1269,pau dos ferros,20.0,20.0,7.0,,
1270,pedro velho,20.0,20.0,1.0,,
1271,pendencias,20.0,20.0,2.0,,
1272,portalegre,20.0,20.0,4.0,,
1273,santa cruz,20.0,20.0,7.0,,
1274,santana do matos,20.0,20.0,2.0,,
1275,santo antonio,20.0,20.0,6.0,,
1276,sao bento do norte,20.0,20.0,4.0,,
1277,sao goncalo do amarante,20.0,20.0,1.0,,
1278,sao joao do sabugi,20.0,20.0,2.0,,
1279,sao jose do campestre,20.0,20.0,3.0,,
1280,sao miguel,20.0,20.0,4.0,,
1281,sao paulo do potengi,20.0,20.0,4.0,,
1282,sao tome,20.0,20.0,4.0,,
1283,tangara,20.0,20.0,3.0,,
1284,touros,20.0,20.0,2.0,,
1285,umarizal,20.0,20.0,2.0,,
1286,upanema,20.0,20.0,1.0,,
1287,agudo,21.0,21.0,2.0,,
1288,alegrete,21.0,21.0,1.0,,
1289,alvorada,21.0,21.0,1.0,,
1290,antonio prado,21.0,21.0,3.0,,
1291,arroio do meio,21.0,21.0,6.0,,
1292,arroio do tigre,21.0,21.0,3.0,,
1293,arroio grande,21.0,21.0,1.0,,
1294,arvorezinha,21.0,21.0,4.0,,
1295,augusto pestana,21.0,21.0,2.0,,
1296,bage,21.0,21.0,4.0,,
1297,barra do ribeiro,21.0,21.0,3.0,,
1298,bento goncalves,21.0,21.0,3.0,,
1299,bom jesus,21.0,21.0,3.0,,
1300,butia,21.0,21.0,2.0,,
1301,cacapava do sul,21.0,21.0,2.0,,
1302,cacequi,21.0,21.0,1.0,,
1303,cachoeira do sul,21.0,21.0,3.0,,
1304,cachoeirinha,21.0,21.0,1.0,,
1305,camaqua,21.0,21.0,5.0,,
1306,campina das missoes,21.0,21.0,3.0,,
1307,campo bom,21.0,21.0,1.0,,
1308,campo novo,21.0,21.0,3.0,,
1309,candelaria,21.0,21.0,1.0,,
1310,canela,21.0,21.0,1.0,,
1311,cangucu,21.0,21.0,1.0,,
1312,canoas,21.0,21.0,2.0,,
1313,capao da canoa,21.0,21.0,2.0,,
1314,carazinho,21.0,21.0,5.0,,
1315,carlos barbosa,21.0,21.0,2.0,,
1316,casca,21.0,21.0,8.0,,
1317,catuipe,21.0,21.0,1.0,,
1318,caxias do sul,21.0,21.0,1.0,,
1319,cerro largo,21.0,21.0,5.0,,
1320,charqueadas,21.0,21.0,1.0,,
1321,constantina,21.0,21.0,4.0,,
1322,coronel bicaco,21.0,21.0,2.0,,
1323,crissiumal,21.0,21.0,2.0,,
1324,cruz alta,21.0,21.0,5.0,,
1325,dois irmaos,21.0,21.0,3.0,,
1326,dom pedrito,21.0,21.0,1.0,,
1327,eldorado do sul,21.0,21.0,1.0,,
1328,encantado,21.0,21.0,7.0,,
1329,encruzilhada do sul,21.0,21.0,2.0,,
1330,erechim,21.0,21.0,14.0,,
1331,espumoso,21.0,21.0,3.0,,
1332,estancia velha,21.0,21.0,1.0,,
1333,esteio,21.0,21.0,1.0,,
1334,estrela,21.0,21.0,4.0,,
1335,farroupilha,21.0,21.0,1.0,,
1336,faxinal do soturno,21.0,21.0,5.0,,
1337,feliz,21.0,21.0,5.0,,
1338,flores da cunha,21.0,21.0,2.0,,
1339,frederico westphalen,21.0,21.0,7.0,,
1340,garibaldi,21.0,21.0,3.0,,
1341,gaurama,21.0,21.0,5.0,,
1342,general camara,21.0,21.0,2.0,,
1343,getulio vargas,21.0,21.0,6.0,,
1344,girua,21.0,21.0,2.0,,
1345,gramado,21.0,21.0,1.0,,
1346,gravatai,21.0,21.0,2.0,,
1347,guaiba,21.0,21.0,1.0,,
1348,guapore,21.0,21.0,6.0,,
1349,guarani das missoes,21.0,21.0,2.0,,
1350,herval,21.0,21.0,1.0,,
1351,horizontina,21.0,21.0,2.0,,
1352,ibiruba,21.0,21.0,2.0,,
1353,igrejinha,21.0,21.0,1.0,,
1354,ijui,21.0,21.0,5.0,,
1355,irai,21.0,21.0,1.0,,
1356,itaqui,21.0,21.0,2.0,,
1357,ivoti,21.0,21.0,3.0,,
1358,jaguarao,21.0,21.0,1.0,,
1359,jaguari,21.0,21.0,2.0,,
1360,julio de castilhos,21.0,21.0,2.0,,
1361,lagoa vermelha,21.0,21.0,5.0,,
1362,lajeado,21.0,21.0,8.0,,
1363,lavras do sul,21.0,21.0,1.0,,
1364,marau,21.0,21.0,6.0,,
1365,marcelino ramos,21.0,21.0,2.0,,
1366,montenegro,21.0,21.0,7.0,,
1367,mostardas,21.0,21.0,2.0,,
1368,naometoque,21.0,21.0,3.0,,
1369,nonoai,21.0,21.0,4.0,,
1370,nova petropolis,21.0,21.0,2.0,,
1371,nova prata,21.0,21.0,7.0,,
1372,novo hamburgo,21.0,21.0,1.0,,
1373,osorio,21.0,21.0,2.0,,
1374,palmares do sul,21.0,21.0,2.0,,
1375,palmeira das missoes,21.0,21.0,7.0,,
1376,panambi,21.0,21.0,2.0,,
1377,parobe,21.0,21.0,1.0,,
1378,passo fundo,21.0,21.0,5.0,,
1379,pedro osorio,21.0,21.0,2.0,,
1380,pelotas,21.0,21.0,5.0,,
1381,pinheiro machado,21.0,21.0,2.0,,
1382,piratini,21.0,21.0,1.0,,
1383,planalto,21.0,21.0,2.0,,
1384,portao,21.0,21.0,2.0,,
1385,porto alegre,21.0,21.0,1.0,,
1386,porto xavier,21.0,21.0,2.0,,
1387,quarai,21.0,21.0,1.0,,
1388,restinga seca,21.0,21.0,1.0,,
1389,rio grande,21.0,21.0,1.0,,
1390,rio pardo,21.0,21.0,2.0,,
1391,rodeio bonito,21.0,21.0,7.0,,
1392,ronda alta,21.0,21.0,3.0,,
1393,rosario do sul,21.0,21.0,1.0,,
1394,salto do jacui,21.0,21.0,2.0,,
1395,sananduva,21.0,21.0,4.0,,
1396,santa barbara do sul,21.0,21.0,2.0,,
1397,santa cruz do sul,21.0,21.0,5.0,,
1398,santa maria,21.0,21.0,4.0,,
1399,santa rosa,21.0,21.0,3.0,,
1400,santa vitoria do palmar,21.0,21.0,2.0,,
1401,santana do livramento,21.0,21.0,1.0,,
1402,santiago,21.0,21.0,4.0,,
1403,santo angelo,21.0,21.0,5.0,,
1404,santo antonio da patrulha,21.0,21.0,2.0,,
1405,santo antonio das missoes,21.0,21.0,2.0,,
1406,santo augusto,21.0,21.0,5.0,,
1407,santo cristo,21.0,21.0,3.0,,
1408,sao borja,21.0,21.0,1.0,,
1409,sao francisco de assis,21.0,21.0,2.0,,
1410,sao francisco de paula,21.0,21.0,2.0,,
1411,sao gabriel,21.0,21.0,2.0,,
1412,sao jeronimo,21.0,21.0,3.0,,
1413,sao jose do norte,21.0,21.0,1.0,,
1414,sao jose do ouro,21.0,21.0,6.0,,
1415,sao leopoldo,21.0,21.0,1.0,,
1416,sao lourenco do sul,21.0,21.0,1.0,,
1417,sao luiz gonzaga,21.0,21.0,8.0,,
1418,sao marcos,21.0,21.0,1.0,,
1419,sao pedro do sul,21.0,21.0,4.0,,
1420,sao sebastiao do cai,21.0,21.0,5.0,,
1421,sao sepe,21.0,21.0,3.0,,
1422,sao valentim,21.0,21.0,5.0,,
1423,sao vicente do sul,21.0,21.0,2.0,,
1424,sapiranga,21.0,21.0,3.0,,
1425,sapucaia do sul,21.0,21.0,1.0,,
1426,sarandi,21.0,21.0,3.0,,
1427,seberi,21.0,21.0,3.0,,
1428,sobradinho,21.0,21.0,6.0,,
1429,soledade,21.0,21.0,6.0,,
1430,tapejara,21.0,21.0,5.0,,
1431,tapera,21.0,21.0,4.0,,
1432,tapes,21.0,21.0,3.0,,
1433,taquara,21.0,21.0,3.0,,
1434,taquari,21.0,21.0,2.0,,
1435,tenente portela,21.0,21.0,5.0,,
1436,teutonia,21.0,21.0,5.0,,
1437,torres,21.0,21.0,7.0,,
1438,tramandai,21.0,21.0,4.0,,
1439,tres coroas,21.0,21.0,1.0,,
1440,tres de maio,21.0,21.0,6.0,,
1441,tres passos,21.0,21.0,4.0,,
1442,triunfo,21.0,21.0,1.0,,
1443,tucunduva,21.0,21.0,2.0,,
1444,tupancireta,21.0,21.0,2.0,,
1445,uruguaiana,21.0,21.0,2.0,,
1446,vacaria,21.0,21.0,6.0,,
1447,venancio aires,21.0,21.0,3.0,,
1448,vera cruz,21.0,21.0,2.0,,
1449,veranopolis,21.0,21.0,4.0,,
1450,viamao,21.0,21.0,1.0,,
1451,alta floresta doeste,22.0,22.0,1.0,,
1452,alvorada doeste,22.0,22.0,2.0,,
1453,ariquemes,22.0,22.0,6.0,,
1454,buritis,22.0,22.0,2.0,,
1455,cacoal,22.0,22.0,1.0,,
1456,cerejeiras,22.0,22.0,4.0,,
1457,colorado do oeste,22.0,22.0,2.0,,
1458,costa marques,22.0,22.0,1.0,,
1459,espigao doeste,22.0,22.0,1.0,,
1460,guajaramirim,22.0,22.0,1.0,,
1461,jaru,22.0,22.0,3.0,,
1462,jiparana,22.0,22.0,1.0,,
1463,machadinho doeste,22.0,22.0,2.0,,
1464,nova brasilandia doeste,22.0,22.0,2.0,,
1465,ouro preto do oeste,22.0,22.0,3.0,,
1466,pimenta bueno,22.0,22.0,3.0,,
1467,porto velho,22.0,22.0,3.0,,
1468,presidente medici,22.0,22.0,2.0,,
1469,rolim de moura,22.0,22.0,1.0,,
1470,santa luzia doeste,22.0,22.0,3.0,,
1471,sao miguel do guapore,22.0,22.0,2.0,,
1472,vilhena,22.0,22.0,2.0,,
1473,alto alegre,23.0,23.0,1.0,,
1474,boa vista,23.0,23.0,2.0,,
1475,bonfim,23.0,23.0,2.0,,
1476,caracarai,23.0,23.0,1.0,,
1477,mucajai,23.0,23.0,2.0,,
1478,pacaraima,23.0,23.0,2.0,,
1479,rorainopolis,23.0,23.0,1.0,,
1480,sao luiz,23.0,23.0,3.0,,
1481,abelardo luz,24.0,24.0,3.0,,
1482,anchieta,24.0,24.0,2.0,,
1483,anita garibaldi,24.0,24.0,5.0,,
1484,araquari,24.0,24.0,1.0,,
1485,ararangua,24.0,24.0,3.0,,
1486,armazem,24.0,24.0,3.0,,
1487,ascurra,24.0,24.0,3.0,,
1488,balneario camboriu,24.0,24.0,1.0,,
1489,balneario picarras,24.0,24.0,2.0,,
1490,barra velha,24.0,24.0,2.0,,
1491,biguacu,24.0,24.0,3.0,,
1492,blumenau,24.0,24.0,1.0,,
1493,bom retiro,24.0,24.0,2.0,,
1494,braco do norte,24.0,24.0,5.0,,
1495,brusque,24.0,24.0,3.0,,
1496,cacador,24.0,24.0,4.0,,
1497,camboriu,24.0,24.0,1.0,,
1498,campo ere,24.0,24.0,4.0,,
1499,campos novos,24.0,24.0,4.0,,
1500,canoinhas,24.0,24.0,4.0,,
1501,capinzal,24.0,24.0,5.0,,
1502,capivari de baixo,24.0,24.0,1.0,,
1503,catanduvas,24.0,24.0,3.0,,
1504,chapeco,24.0,24.0,6.0,,
1505,concordia,24.0,24.0,5.0,,
1506,coronel freitas,24.0,24.0,4.0,,
1507,correia pinto,24.0,24.0,2.0,,
1508,criciuma,24.0,24.0,4.0,,
1509,cunha pora,24.0,24.0,1.0,,
1510,curitibanos,24.0,24.0,4.0,,
1511,descanso,24.0,24.0,3.0,,
1512,dionisio cerqueira,24.0,24.0,2.0,,
1513,florianopolis,24.0,24.0,1.0,,
1514,forquilhinha,24.0,24.0,1.0,,
1515,fraiburgo,24.0,24.0,2.0,,
1516,garopaba,24.0,24.0,2.0,,
1517,garuva,24.0,24.0,1.0,,
1518,gaspar,24.0,24.0,2.0,,
1519,guaramirim,24.0,24.0,3.0,,
1520,herval doeste,24.0,24.0,1.0,,
1521,ibirama,24.0,24.0,2.0,,
1522,icara,24.0,24.0,1.0,,
1523,imarui,24.0,24.0,1.0,,
1524,imbituba,24.0,24.0,1.0,,
1525,indaial,24.0,24.0,1.0,,
1526,ipumirim,24.0,24.0,3.0,,
1527,ita,24.0,24.0,2.0,,
1528,itaiopolis,24.0,24.0,2.0,,
1529,itajai,24.0,24.0,1.0,,
1530,itapema,24.0,24.0,1.0,,
1531,itapiranga,24.0,24.0,3.0,,
1532,itapoa,24.0,24.0,1.0,,
1533,ituporanga,24.0,24.0,7.0,,
1534,jaguaruna,24.0,24.0,3.0,,
1535,jaragua do sul,24.0,24.0,2.0,,
1536,joacaba,24.0,24.0,5.0,,
1537,joinville,24.0,24.0,1.0,,
1538,lages,24.0,24.0,5.0,,
1539,laguna,24.0,24.0,1.0,,
1540,lebon regis,24.0,24.0,1.0,,
1541,mafra,24.0,24.0,1.0,,
1542,maravilha,24.0,24.0,5.0,,
1543,modelo,24.0,24.0,4.0,,
1544,mondai,24.0,24.0,3.0,,
1545,navegantes,24.0,24.0,2.0,,
1546,orleans,24.0,24.0,1.0,,
1547,otacilio costa,24.0,24.0,2.0,,
1548,palhoca,24.0,24.0,1.0,,
1549,palmitos,24.0,24.0,2.0,,
1550,papanduva,24.0,24.0,2.0,,
1551,pinhalzinho,24.0,24.0,3.0,,
1552,pomerode,24.0,24.0,1.0,,
1553,ponte serrada,24.0,24.0,3.0,,
1554,porto belo,24.0,24.0,2.0,,
1555,porto uniao,24.0,24.0,3.0,,
1556,presidente getulio,24.0,24.0,4.0,,
1557,quilombo,24.0,24.0,4.0,,
1558,rio do campo,24.0,24.0,1.0,,
1559,rio do oeste,24.0,24.0,2.0,,
1560,rio do sul,24.0,24.0,5.0,,
1561,rio negrinho,24.0,24.0,1.0,,
1562,santa cecilia,24.0,24.0,2.0,,
1563,santa rosa do sul,24.0,24.0,4.0,,
1564,santo amaro da imperatriz,24.0,24.0,6.0,,
1565,sao bento do sul,24.0,24.0,2.0,,
1566,sao carlos,24.0,24.0,3.0,,
1567,sao domingos,24.0,24.0,3.0,,
1568,sao francisco do sul,24.0,24.0,2.0,,
1569,sao joao batista,24.0,24.0,3.0,,
1570,sao joaquim,24.0,24.0,3.0,,
1571,sao jose,24.0,24.0,2.0,,
1572,sao jose do cedro,24.0,24.0,3.0,,
1573,sao lourenco do oeste,24.0,24.0,3.0,,
1574,sao miguel do oeste,24.0,24.0,5.0,,
1575,seara,24.0,24.0,3.0,,
1576,sombrio,24.0,24.0,2.0,,
1577,taio,24.0,24.0,3.0,,
1578,tangara,24.0,24.0,3.0,,
1579,tijucas,24.0,24.0,2.0,,
1580,timbo,24.0,24.0,4.0,,
1581,trombudo central,24.0,24.0,4.0,,
1582,tubarao,24.0,24.0,2.0,,
1583,turvo,24.0,24.0,6.0,,
1584,urubici,24.0,24.0,2.0,,
1585,urussanga,24.0,24.0,3.0,,
1586,videira,24.0,24.0,4.0,,
1587,xanxere,24.0,24.0,3.0,,
1588,xaxim,24.0,24.0,4.0,,
1589,amparo de sao francisco,25.0,25.0,1.0,,
1590,aquidaba,25.0,25.0,1.0,,
1591,aracaju,25.0,25.0,1.0,,
1592,araua,25.0,25.0,1.0,,
1593,areia branca,25.0,25.0,1.0,,
1594,barra dos coqueiros,25.0,25.0,1.0,,
1595,boquim,25.0,25.0,1.0,,
1596,brejo grande,25.0,25.0,1.0,,
1597,campo do brito,25.0,25.0,1.0,,
1598,canhoba,25.0,25.0,1.0,,
1599,caninde de sao francisco,25.0,25.0,1.0,,
1600,capela,25.0,25.0,1.0,,
1601,carira,25.0,25.0,1.0,,
1602,carmopolis,25.0,25.0,1.0,,
1603,cedro de sao joao,25.0,25.0,1.0,,
1604,cristinapolis,25.0,25.0,1.0,,
1605,cumbe,25.0,25.0,1.0,,
1606,divina pastora,25.0,25.0,1.0,,
1607,estancia,25.0,25.0,1.0,,
1608,feira nova,25.0,25.0,1.0,,
1609,frei paulo,25.0,25.0,1.0,,
1610,gararu,25.0,25.0,1.0,,
1611,general maynard,25.0,25.0,1.0,,
1612,gracho cardoso,25.0,25.0,1.0,,
1613,ilha das flores,25.0,25.0,1.0,,
1614,indiaroba,25.0,25.0,1.0,,
1615,itabaiana,25.0,25.0,1.0,,
1616,itabaianinha,25.0,25.0,1.0,,
1617,itabi,25.0,25.0,1.0,,
1618,itaporanga dajuda,25.0,25.0,1.0,,
1619,japaratuba,25.0,25.0,1.0,,
1620,japoata,25.0,25.0,1.0,,
1621,lagarto,25.0,25.0,1.0,,
1622,laranjeiras,25.0,25.0,1.0,,
1623,macambira,25.0,25.0,1.0,,
1624,malhada dos bois,25.0,25.0,1.0,,
1625,malhador,25.0,25.0,1.0,,
1626,maruim,25.0,25.0,1.0,,
1627,moita bonita,25.0,25.0,1.0,,
1628,monte alegre de sergipe,25.0,25.0,1.0,,
1629,muribeca,25.0,25.0,1.0,,
1630,neopolis,25.0,25.0,1.0,,
1631,nossa senhora aparecida,25.0,25.0,1.0,,
1632,nossa senhora da gloria,25.0,25.0,1.0,,
1633,nossa senhora das dores,25.0,25.0,1.0,,
1634,nossa senhora de lourdes,25.0,25.0,1.0,,
1635,nossa senhora do socorro,25.0,25.0,1.0,,
1636,pacatuba,25.0,25.0,1.0,,
1637,pedra mole,25.0,25.0,1.0,,
1638,pedrinhas,25.0,25.0,1.0,,
1639,pinhao,25.0,25.0,1.0,,
1640,pirambu,25.0,25.0,1.0,,
1641,poco redondo,25.0,25.0,1.0,,
1642,poco verde,25.0,25.0,1.0,,
1643,porto da folha,25.0,25.0,1.0,,
1644,propria,25.0,25.0,1.0,,
1645,riachao do dantas,25.0,25.0,1.0,,
1646,riachuelo,25.0,25.0,1.0,,
1647,ribeiropolis,25.0,25.0,1.0,,
1648,rosario do catete,25.0,25.0,1.0,,
1649,salgado,25.0,25.0,1.0,,
1650,santa luzia do itanhy,25.0,25.0,1.0,,
1651,santa rosa de lima,25.0,25.0,1.0,,
1652,santana do sao francisco,25.0,25.0,1.0,,
1653,santo amaro das brotas,25.0,25.0,1.0,,
1654,sao cristovao,25.0,25.0,1.0,,
1655,sao domingos,25.0,25.0,1.0,,
1656,sao francisco,25.0,25.0,1.0,,
1657,sao miguel do aleixo,25.0,25.0,1.0,,
1658,simao dias,25.0,25.0,1.0,,
1659,siriri,25.0,25.0,1.0,,
1660,telha,25.0,25.0,1.0,,
1661,tobias barreto,25.0,25.0,1.0,,
1662,tomar do geru,25.0,25.0,1.0,,
1663,umbauba,25.0,25.0,1.0,,
1664,adamantina,26.0,26.0,2.0,1.0,
1665,aguai,26.0,26.0,1.0,1.0,
1666,aguas de lindoia,26.0,26.0,2.0,1.0,
1667,agudos,26.0,26.0,2.0,1.0,
1668,altinopolis,26.0,26.0,2.0,1.0,
1669,americana,26.0,26.0,1.0,3.0,
1670,americo brasiliense,26.0,26.0,4.0,1.0,
1671,amparo,26.0,26.0,2.0,3.0,
1672,andradina,26.0,26.0,4.0,3.0,
1673,angatuba,26.0,26.0,2.0,1.0,
1674,aparecida,26.0,26.0,2.0,1.0,
1675,apiai,26.0,26.0,5.0,1.0,
1676,aracatuba,26.0,26.0,2.0,3.0,
1677,araraquara,26.0,26.0,3.0,3.0,
1678,araras,26.0,26.0,1.0,3.0,
1679,artur nogueira,26.0,26.0,3.0,2.0,
1680,aruja,26.0,26.0,1.0,2.0,
1681,assis,26.0,26.0,4.0,3.0,
1682,atibaia,26.0,26.0,1.0,3.0,
1683,auriflama,26.0,26.0,2.0,1.0,
1684,avare,26.0,26.0,2.0,3.0,
1685,bananal,26.0,26.0,3.0,1.0,
1686,bariri,26.0,26.0,2.0,1.0,
1687,barra bonita,26.0,26.0,2.0,1.0,
1688,barretos,26.0,26.0,2.0,3.0,
1689,barueri,26.0,26.0,2.0,3.0,
1690,bastos,26.0,26.0,2.0,1.0,
1691,batatais,26.0,26.0,1.0,2.0,
1692,bauru,26.0,26.0,3.0,3.0,
1693,bebedouro,26.0,26.0,1.0,2.0,
1694,bertioga,26.0,26.0,1.0,1.0,
1695,bilac,26.0,26.0,3.0,1.0,
1696,boituva,26.0,26.0,2.0,2.0,
1697,borborema,26.0,26.0,1.0,1.0,
1698,botucatu,26.0,26.0,2.0,3.0,
1699,braganca paulista,26.0,26.0,4.0,3.0,
1700,brodowski,26.0,26.0,1.0,1.0,
1701,brotas,26.0,26.0,2.0,1.0,
1702,buri,26.0,26.0,1.0,1.0,
1703,buritama,26.0,26.0,5.0,1.0,
1704,cabreuva,26.0,26.0,1.0,1.0,
1705,cacapava,26.0,26.0,2.0,2.0,
1706,cachoeira paulista,26.0,26.0,2.0,1.0,
1707,caconde,26.0,26.0,2.0,1.0,
1708,cafelandia,26.0,26.0,3.0,1.0,
1709,caieiras,26.0,26.0,1.0,2.0,
1710,cajamar,26.0,26.0,1.0,2.0,
1711,cajuru,26.0,26.0,3.0,1.0,
1712,campinas,26.0,26.0,1.0,3.0,
1713,campo limpo paulista,26.0,26.0,1.0,2.0,
1714,campos do jordao,26.0,26.0,1.0,1.0,
1715,cananeia,26.0,26.0,1.0,1.0,
1716,candido mota,26.0,26.0,1.0,1.0,
1717,capao bonito,26.0,26.0,3.0,2.0,
1718,capivari,26.0,26.0,3.0,1.0,
1719,caraguatatuba,26.0,26.0,1.0,3.0,
1720,carapicuiba,26.0,26.0,1.0,3.0,
1721,cardoso,26.0,26.0,3.0,1.0,
1722,casa branca,26.0,26.0,2.0,2.0,
1723,catanduva,26.0,26.0,4.0,3.0,
1724,cerqueira cesar,26.0,26.0,3.0,1.0,
1725,cerquilho,26.0,26.0,1.0,1.0,
1726,chavantes,26.0,26.0,2.0,1.0,
1727,colina,26.0,26.0,2.0,1.0,
1728,conchal,26.0,26.0,1.0,1.0,
1729,conchas,26.0,26.0,3.0,1.0,
1730,cordeiropolis,26.0,26.0,1.0,1.0,
1731,cosmopolis,26.0,26.0,1.0,1.0,
1732,cotia,26.0,26.0,1.0,3.0,
1733,cravinhos,26.0,26.0,2.0,1.0,
1734,cruzeiro,26.0,26.0,2.0,2.0,
1735,cubatao,26.0,26.0,1.0,2.0,
1736,cunha,26.0,26.0,1.0,1.0,
1737,descalvado,26.0,26.0,1.0,1.0,
1738,diadema,26.0,26.0,1.0,3.0,
1739,dois corregos,26.0,26.0,1.0,1.0,
1740,dracena,26.0,26.0,2.0,2.0,
1741,duartina,26.0,26.0,4.0,1.0,
1742,eldorado,26.0,26.0,2.0,1.0,
1743,espirito santo do pinhal,26.0,26.0,2.0,1.0,
1744,estrela doeste,26.0,26.0,5.0,1.0,
1745,fartura,26.0,26.0,2.0,1.0,
1746,fernandopolis,26.0,26.0,4.0,3.0,
1747,ferraz de vasconcelos,26.0,26.0,1.0,3.0,
1748,florida paulista,26.0,26.0,1.0,1.0,
1749,franca,26.0,26.0,5.0,3.0,
1750,francisco morato,26.0,26.0,1.0,3.0,
1751,franco da rocha,26.0,26.0,1.0,2.0,
1752,galia,26.0,26.0,2.0,1.0,
1753,garca,26.0,26.0,4.0,1.0,
1754,general salgado,26.0,26.0,3.0,1.0,
1755,getulina,26.0,26.0,2.0,1.0,
1756,guaira,26.0,26.0,1.0,1.0,
1757,guara,26.0,26.0,1.0,1.0,
1758,guararapes,26.0,26.0,2.0,1.0,
1759,guararema,26.0,26.0,1.0,1.0,
1760,guaratingueta,26.0,26.0,1.0,3.0,
1761,guariba,26.0,26.0,2.0,1.0,
1762,guaruja,26.0,26.0,1.0,3.0,
1763,guarulhos,26.0,26.0,1.0,3.0,
1764,hortolandia,26.0,26.0,1.0,2.0,
1765,iacanga,26.0,26.0,1.0,1.0,
1766,ibate,26.0,26.0,1.0,1.0,
1767,ibitinga,26.0,26.0,2.0,2.0,
1768,ibiuna,26.0,26.0,1.0,2.0,
1769,iepe,26.0,26.0,2.0,1.0,
1770,igarapava,26.0,26.0,3.0,1.0,
1771,iguape,26.0,26.0,2.0,1.0,
1772,ilha solteira,26.0,26.0,2.0,1.0,
1773,ilhabela,26.0,26.0,1.0,1.0,
1774,indaiatuba,26.0,26.0,1.0,3.0,
1775,ipaucu,26.0,26.0,2.0,1.0,
1776,ipua,26.0,26.0,1.0,1.0,
1777,itabera,26.0,26.0,1.0,1.0,
1778,itai,26.0,26.0,1.0,1.0,
1779,itajobi,26.0,26.0,2.0,1.0,
1780,itanhaem,26.0,26.0,1.0,3.0,
1781,itapecerica da serra,26.0,26.0,3.0,3.0,
1782,itapetininga,26.0,26.0,3.0,3.0,
1783,itapeva,26.0,26.0,4.0,3.0,
1784,itapevi,26.0,26.0,1.0,3.0,
1785,itapira,26.0,26.0,1.0,2.0,
1786,itapolis,26.0,26.0,1.0,1.0,
1787,itaporanga,26.0,26.0,3.0,1.0,
1788,itaquaquecetuba,26.0,26.0,1.0,3.0,
1789,itarare,26.0,26.0,2.0,1.0,
1790,itariri,26.0,26.0,2.0,1.0,
1791,itatiba,26.0,26.0,2.0,2.0,
1792,itatinga,26.0,26.0,1.0,1.0,
1793,itirapina,26.0,26.0,2.0,1.0,
1794,itu,26.0,26.0,1.0,3.0,
1795,itupeva,26.0,26.0,1.0,2.0,
1796,ituverava,26.0,26.0,1.0,2.0,
1797,jaboticabal,26.0,26.0,3.0,3.0,
1798,jacarei,26.0,26.0,1.0,3.0,
1799,jacupiranga,26.0,26.0,3.0,1.0,
1800,jaguariuna,26.0,26.0,2.0,2.0,
1801,jales,26.0,26.0,7.0,3.0,
1802,jandira,26.0,26.0,1.0,2.0,
1803,jardinopolis,26.0,26.0,1.0,1.0,
1804,jarinu,26.0,26.0,1.0,1.0,
1805,jau,26.0,26.0,4.0,3.0,
1806,jose bonifacio,26.0,26.0,4.0,1.0,
1807,jundiai,26.0,26.0,1.0,3.0,
1808,junqueiropolis,26.0,26.0,1.0,1.0,
1809,juquia,26.0,26.0,1.0,1.0,
1810,laranjal paulista,26.0,26.0,1.0,1.0,
1811,leme,26.0,26.0,2.0,2.0,
1812,lencois paulista,26.0,26.0,2.0,1.0,
1813,limeira,26.0,26.0,2.0,3.0,
1814,lins,26.0,26.0,3.0,3.0,
1815,lorena,26.0,26.0,2.0,2.0,
1816,louveira,26.0,26.0,1.0,1.0,
1817,lucelia,26.0,26.0,3.0,1.0,
1818,macatuba,26.0,26.0,1.0,1.0,
1819,macaubal,26.0,26.0,3.0,1.0,
1820,mairinque,26.0,26.0,2.0,2.0,
1821,mairipora,26.0,26.0,1.0,2.0,
1822,maracai,26.0,26.0,3.0,1.0,
1823,marilia,26.0,26.0,3.0,3.0,
1824,martinopolis,26.0,26.0,2.0,1.0,
1825,matao,26.0,26.0,2.0,2.0,
1826,maua,26.0,26.0,1.0,3.0,
1827,miguelopolis,26.0,26.0,1.0,1.0,
1828,miracatu,26.0,26.0,1.0,1.0,
1829,mirandopolis,26.0,26.0,3.0,1.0,
1830,mirante do paranapanema,26.0,26.0,1.0,1.0,
1831,mirassol,26.0,26.0,4.0,2.0,
1832,mococa,26.0,26.0,1.0,2.0,
1833,mogi das cruzes,26.0,26.0,2.0,3.0,
1834,mogiguacu,26.0,26.0,2.0,3.0,
1835,mogimirim,26.0,26.0,1.0,3.0,
1836,mongagua,26.0,26.0,1.0,1.0,
1837,monte alto,26.0,26.0,1.0,1.0,
1838,monte aprazivel,26.0,26.0,3.0,1.0,
1839,monte azul paulista,26.0,26.0,2.0,1.0,
1840,monte mor,26.0,26.0,2.0,1.0,
1841,morro agudo,26.0,26.0,1.0,1.0,
1842,nazare paulista,26.0,26.0,2.0,1.0,
1843,neves paulista,26.0,26.0,1.0,1.0,
1844,nhandeara,26.0,26.0,6.0,1.0,
1845,nova granada,26.0,26.0,3.0,1.0,
1846,nova odessa,26.0,26.0,1.0,1.0,
1847,novo horizonte,26.0,26.0,1.0,1.0,
1848,nuporanga,26.0,26.0,2.0,1.0,
1849,olimpia,26.0,26.0,6.0,2.0,
1850,orlandia,26.0,26.0,1.0,1.0,
1851,osasco,26.0,26.0,1.0,3.0,
1852,osvaldo cruz,26.0,26.0,4.0,1.0,
1853,ourinhos,26.0,26.0,3.0,3.0,
1854,ouroeste,26.0,26.0,3.0,1.0,
1855,pacaembu,26.0,26.0,3.0,1.0,
1856,palestina,26.0,26.0,1.0,1.0,
1857,palmeira doeste,26.0,26.0,4.0,1.0,
1858,palmital,26.0,26.0,4.0,1.0,
1859,panorama,26.0,26.0,3.0,1.0,
1860,paraguacu paulista,26.0,26.0,4.0,1.0,
1861,paraibuna,26.0,26.0,2.0,1.0,
1862,paranapanema,26.0,26.0,1.0,1.0,
1863,pariqueraacu,26.0,26.0,1.0,1.0,
1864,patrocinio paulista,26.0,26.0,2.0,1.0,
1865,paulinia,26.0,26.0,1.0,2.0,
1866,paulo de faria,26.0,26.0,3.0,1.0,
1867,pederneiras,26.0,26.0,2.0,1.0,
1868,pedregulho,26.0,26.0,3.0,1.0,
1869,pedreira,26.0,26.0,1.0,1.0,
1870,penapolis,26.0,26.0,7.0,2.0,
1871,pereira barreto,26.0,26.0,3.0,1.0,
1872,peruibe,26.0,26.0,1.0,2.0,
1873,piedade,26.0,26.0,2.0,1.0,
1874,pilar do sul,26.0,26.0,1.0,1.0,
1875,pindamonhangaba,26.0,26.0,1.0,3.0,
1876,pinhalzinho,26.0,26.0,1.0,1.0,
1877,piquete,26.0,26.0,1.0,1.0,
1878,piracaia,26.0,26.0,2.0,1.0,
1879,piracicaba,26.0,26.0,3.0,3.0,
1880,piraju,26.0,26.0,6.0,1.0,
1881,pirajui,26.0,26.0,6.0,1.0,
1882,pirangi,26.0,26.0,2.0,1.0,
1883,pirapozinho,26.0,26.0,5.0,1.0,
1884,pirassununga,26.0,26.0,1.0,3.0,
1885,piratininga,26.0,26.0,1.0,1.0,
1886,pitangueiras,26.0,26.0,2.0,1.0,
1887,poa,26.0,26.0,1.0,2.0,
1888,pompeia,26.0,26.0,3.0,1.0,
1889,pontal,26.0,26.0,1.0,1.0,
1890,porangaba,26.0,26.0,4.0,1.0,
1891,porto feliz,26.0,26.0,1.0,1.0,
1892,porto ferreira,26.0,26.0,1.0,1.0,
1893,potirendaba,26.0,26.0,2.0,1.0,
1894,praia grande,26.0,26.0,1.0,3.0,
1895,presidente bernardes,26.0,26.0,2.0,1.0,
1896,presidente epitacio,26.0,26.0,2.0,1.0,
1897,presidente prudente,26.0,26.0,5.0,3.0,
1898,presidente venceslau,26.0,26.0,2.0,2.0,
1899,promissao,26.0,26.0,1.0,1.0,
1900,quata,26.0,26.0,2.0,1.0,
1901,queluz,26.0,26.0,2.0,1.0,
1902,rancharia,26.0,26.0,1.0,1.0,
1903,regente feijo,26.0,26.0,3.0,1.0,
1904,registro,26.0,26.0,2.0,3.0,
1905,ribeirao bonito,26.0,26.0,4.0,1.0,
1906,ribeirao pires,26.0,26.0,1.0,2.0,
1907,ribeirao preto,26.0,26.0,2.0,3.0,
1908,rio claro,26.0,26.0,4.0,3.0,
1909,rio das pedras,26.0,26.0,1.0,1.0,
1910,rio grande da serra,26.0,26.0,1.0,1.0,
1911,rosana,26.0,26.0,1.0,1.0,
1912,roseira,26.0,26.0,1.0,1.0,
1913,salesopolis,26.0,26.0,1.0,1.0,
1914,salto,26.0,26.0,1.0,2.0,
1915,salto de pirapora,26.0,26.0,1.0,1.0,
1916,santa adelia,26.0,26.0,3.0,1.0,
1917,santa barbara doeste,26.0,26.0,1.0,3.0,
1918,santa branca,26.0,26.0,1.0,1.0,
1919,santa cruz das palmeiras,26.0,26.0,1.0,1.0,
1920,santa cruz do rio pardo,26.0,26.0,3.0,2.0,
1921,santa fe do sul,26.0,26.0,7.0,1.0,
1922,santa isabel,26.0,26.0,2.0,1.0,
1923,santa rita do passa quatro,26.0,26.0,1.0,1.0,
1924,santa rosa de viterbo,26.0,26.0,1.0,1.0,
1925,santo anastacio,26.0,26.0,3.0,1.0,
1926,santo andre,26.0,26.0,1.0,3.0,
1927,santos,26.0,26.0,1.0,3.0,
1928,sao bento do sapucai,26.0,26.0,2.0,1.0,
1929,sao bernardo do campo,26.0,26.0,1.0,3.0,
1930,sao caetano do sul,26.0,26.0,1.0,3.0,
1931,sao carlos,26.0,26.0,1.0,3.0,
1932,sao joao da boa vista,26.0,26.0,2.0,3.0,
1933,sao joaquim da barra,26.0,26.0,1.0,1.0,
1934,sao jose do rio pardo,26.0,26.0,1.0,2.0,
1935,sao jose do rio preto,26.0,26.0,6.0,3.0,
1936,sao jose dos campos,26.0,26.0,2.0,3.0,
1937,sao luiz do paraitinga,26.0,26.0,2.0,1.0,
1938,sao manuel,26.0,26.0,3.0,1.0,
1939,sao miguel arcanjo,26.0,26.0,1.0,1.0,
1940,sao paulo,26.0,26.0,3.0,3.0,
1941,sao pedro,26.0,26.0,3.0,1.0,
1942,sao roque,26.0,26.0,2.0,2.0,
1943,sao sebastiao,26.0,26.0,1.0,2.0,
1944,sao sebastiao da grama,26.0,26.0,2.0,1.0,
1945,sao simao,26.0,26.0,2.0,1.0,
1946,sao vicente,26.0,26.0,1.0,3.0,
1947,serra negra,26.0,26.0,1.0,1.0,
1948,serrana,26.0,26.0,1.0,1.0,
1949,sertaozinho,26.0,26.0,3.0,3.0,
1950,socorro,26.0,26.0,1.0,1.0,
1951,sorocaba,26.0,26.0,2.0,3.0,
1952,sumare,26.0,26.0,1.0,3.0,
1953,suzano,26.0,26.0,1.0,3.0,
1954,tabapua,26.0,26.0,3.0,1.0,
1955,taboao da serra,26.0,26.0,1.0,3.0,
1956,tambau,26.0,26.0,1.0,1.0,
1957,tanabi,26.0,26.0,3.0,1.0,
1958,taquaritinga,26.0,26.0,4.0,2.0,
1959,taquarituba,26.0,26.0,2.0,1.0,
1960,tatui,26.0,26.0,4.0,3.0,
1961,taubate,26.0,26.0,2.0,3.0,
1962,teodoro sampaio,26.0,26.0,2.0,1.0,
1963,tiete,26.0,26.0,2.0,1.0,
1964,tremembe,26.0,26.0,1.0,1.0,
1965,tupa,26.0,26.0,5.0,3.0,
1966,tupi paulista,26.0,26.0,4.0,1.0,
1967,ubatuba,26.0,26.0,1.0,2.0,
1968,urania,26.0,26.0,3.0,1.0,
1969,urupes,26.0,26.0,3.0,1.0,
1970,valinhos,26.0,26.0,1.0,2.0,
1971,valparaiso,26.0,26.0,2.0,1.0,
1972,vargem grande do sul,26.0,26.0,1.0,1.0,
1973,vargem grande paulista,26.0,26.0,1.0,1.0,
1974,varzea paulista,26.0,26.0,1.0,2.0,
1975,vinhedo,26.0,26.0,1.0,2.0,
1976,viradouro,26.0,26.0,2.0,1.0,
1977,votorantim,26.0,26.0,1.0,2.0,
1978,votuporanga,26.0,26.0,4.0,3.0,
1979,almas,27.0,27.0,2.0,,
1980,alvorada,27.0,27.0,2.0,,
1981,ananas,27.0,27.0,5.0,,
1982,araguacema,27.0,27.0,2.0,,
1983,araguacu,27.0,27.0,2.0,,
1984,araguaina,27.0,27.0,7.0,,
1985,araguatins,27.0,27.0,2.0,,
1986,arapoema,27.0,27.0,3.0,,
1987,arraias,27.0,27.0,1.0,,
1988,augustinopolis,27.0,27.0,3.0,,
1989,aurora do tocantins,27.0,27.0,4.0,,
1990,axixa do tocantins,27.0,27.0,2.0,,
1991,colinas do tocantins,27.0,27.0,6.0,,
1992,colmeia,27.0,27.0,5.0,,
1993,cristalandia,27.0,27.0,3.0,,
1994,dianopolis,27.0,27.0,5.0,,
1995,figueiropolis,27.0,27.0,2.0,,
1996,filadelfia,27.0,27.0,3.0,,
1997,formoso do araguaia,27.0,27.0,1.0,,
1998,goiatins,27.0,27.0,2.0,,
1999,guarai,27.0,27.0,2.0,,
2000,gurupi,27.0,27.0,5.0,,
2001,itacaja,27.0,27.0,4.0,,
2002,itaguatins,27.0,27.0,3.0,,
2003,miracema do tocantins,27.0,27.0,1.0,,
2004,miranorte,27.0,27.0,4.0,,
2005,natividade,27.0,27.0,3.0,,
2006,novo acordo,27.0,27.0,5.0,,
2007,palmas,27.0,27.0,1.0,,
2008,palmeiropolis,27.0,27.0,2.0,,
2009,paraiso do tocantins,27.0,27.0,6.0,,
2010,pedro afonso,27.0,27.0,4.0,,
2011,peixe,27.0,27.0,3.0,,
2012,pium,27.0,27.0,2.0,,
2013,ponte alta do tocantins,27.0,27.0,3.0,,
2014,porto nacional,27.0,27.0,7.0,,
2015,taguatinga,27.0,27.0,2.0,,
2016,tocantinia,27.0,27.0,4.0,,
2017,tocantinopolis,27.0,27.0,4.0,,
2018,wanderlandia,27.0,27.0,3.0,,
2019,xambioa,27.0,27.0,1.0,,
2020,amapa,3.0,3.0,2.0,,
2021,calcoene,3.0,3.0,1.0,,
2022,ferreira gomes,3.0,3.0,3.0,,
2023,laranjal do jari,3.0,3.0,1.0,,
2024,macapa,3.0,3.0,1.0,,
2025,mazagao,3.0,3.0,1.0,,
2026,oiapoque,3.0,3.0,1.0,,
2027,porto grande,3.0,3.0,1.0,,
2028,santana,3.0,3.0,1.0,,
2029,serra do navio,3.0,3.0,1.0,,
2030,tartarugalzinho,3.0,3.0,1.0,,
2031,vitoria do jari,3.0,3.0,1.0,,
2032,alvaraes,4.0,4.0,1.0,,
2033,anama,4.0,4.0,1.0,,
2034,anori,4.0,4.0,1.0,,
2035,apui,4.0,4.0,1.0,,
2036,atalaia do norte,4.0,4.0,1.0,,
2037,autazes,4.0,4.0,1.0,,
2038,barcelos,4.0,4.0,1.0,,
2039,barreirinha,4.0,4.0,1.0,,
2040,benjamin constant,4.0,4.0,1.0,,
2041,beruri,4.0,4.0,1.0,,
2042,boa vista do ramos,4.0,4.0,1.0,,
2043,boca do acre,4.0,4.0,1.0,,
2044,borba,4.0,4.0,1.0,,
2045,caapiranga,4.0,4.0,1.0,,
2046,canutama,4.0,4.0,1.0,,
2047,carauari,4.0,4.0,1.0,,
2048,careiro,4.0,4.0,1.0,,
2049,careiro da varzea,4.0,4.0,1.0,,
2050,coari,4.0,4.0,1.0,,
2051,codajas,4.0,4.0,1.0,,
2052,eirunepe,4.0,4.0,1.0,,
2053,envira,4.0,4.0,1.0,,
2054,fonte boa,4.0,4.0,1.0,,
2055,guajara,4.0,4.0,1.0,,
2056,humaita,4.0,4.0,1.0,,
2057,ipixuna,4.0,4.0,1.0,,
2058,iranduba,4.0,4.0,1.0,,
2059,itacoatiara,4.0,4.0,1.0,,
2060,itamarati,4.0,4.0,1.0,,
2061,itapiranga,4.0,4.0,1.0,,
2062,japura,4.0,4.0,1.0,,
2063,jurua,4.0,4.0,1.0,,
2064,jutai,4.0,4.0,1.0,,
2065,labrea,4.0,4.0,1.0,,
2066,manacapuru,4.0,4.0,1.0,,
2067,manaquiri,4.0,4.0,1.0,,
2068,manaus,4.0,4.0,1.0,,
2069,manicore,4.0,4.0,1.0,,
2070,maraa,4.0,4.0,1.0,,
2071,maues,4.0,4.0,1.0,,
2072,nhamunda,4.0,4.0,1.0,,
2073,nova olinda do norte,4.0,4.0,1.0,,
2074,novo airao,4.0,4.0,1.0,,
2075,novo aripuana,4.0,4.0,1.0,,
2076,parintins,4.0,4.0,1.0,,
2077,pauini,4.0,4.0,1.0,,
2078,presidente figueiredo,4.0,4.0,1.0,,
2079,rio preto da eva,4.0,4.0,1.0,,
2080,santa isabel do rio negro,4.0,4.0,1.0,,
2081,santo antonio do ica,4.0,4.0,1.0,,
2082,sao gabriel da cachoeira,4.0,4.0,1.0,,
2083,sao paulo de olivenca,4.0,4.0,1.0,,
2084,sao sebastiao do uatuma,4.0,4.0,1.0,,
2085,silves,4.0,4.0,1.0,,
2086,tabatinga,4.0,4.0,1.0,,
2087,tapaua,4.0,4.0,1.0,,
2088,tefe,4.0,4.0,1.0,,
2089,uarini,4.0,4.0,1.0,,
2090,urucara,4.0,4.0,1.0,,
2091,urucurituba,4.0,4.0,1.0,,
2092,abare,5.0,5.0,1.0,,
2093,acajutiba,5.0,5.0,1.0,,
2094,alagoinhas,5.0,5.0,3.0,,
2095,alcobaca,5.0,5.0,1.0,,
2096,amargosa,5.0,5.0,1.0,,
2097,amelia rodrigues,5.0,5.0,1.0,,
2098,america dourada,5.0,5.0,1.0,,
2099,anage,5.0,5.0,2.0,,
2100,andarai,5.0,5.0,2.0,,
2101,angical,5.0,5.0,1.0,,
2102,antas,5.0,5.0,2.0,,
2103,apora,5.0,5.0,1.0,,
2104,araci,5.0,5.0,1.0,,
2105,aurelino leal,5.0,5.0,1.0,,
2106,baianopolis,5.0,5.0,1.0,,
2107,baixa grande,5.0,5.0,1.0,,
2108,barra,5.0,5.0,2.0,,
2109,barra da estiva,5.0,5.0,2.0,,
2110,barra do choca,5.0,5.0,2.0,,
2111,barra do mendes,5.0,5.0,2.0,,
2112,barreiras,5.0,5.0,1.0,,
2113,belmonte,5.0,5.0,1.0,,
2114,belo campo,5.0,5.0,1.0,,
2115,boa nova,5.0,5.0,2.0,,
2116,boa vista do tupim,5.0,5.0,1.0,,
2117,bom jesus da lapa,5.0,5.0,3.0,,
2118,boquira,5.0,5.0,1.0,,
2119,botupora,5.0,5.0,1.0,,
2120,brejoes,5.0,5.0,2.0,,
2121,brotas de macaubas,5.0,5.0,2.0,,
2122,brumado,5.0,5.0,3.0,,
2123,buerarema,5.0,5.0,3.0,,
2124,cachoeira,5.0,5.0,1.0,,
2125,cacule,5.0,5.0,3.0,,
2126,caetite,5.0,5.0,1.0,,
2127,caldeirao grande,5.0,5.0,1.0,,
2128,camacan,5.0,5.0,3.0,,
2129,camacari,5.0,5.0,1.0,,
2130,camamu,5.0,5.0,2.0,,
2131,campo formoso,5.0,5.0,2.0,,
2132,canarana,5.0,5.0,2.0,,
2133,canavieiras,5.0,5.0,1.0,,
2134,candeias,5.0,5.0,1.0,,
2135,candido sales,5.0,5.0,1.0,,
2136,cansancao,5.0,5.0,1.0,,
2137,canudos,5.0,5.0,1.0,,
2138,capela do alto alegre,5.0,5.0,1.0,,
2139,capim grosso,5.0,5.0,1.0,,
2140,caravelas,5.0,5.0,1.0,,
2141,carinhanha,5.0,5.0,2.0,,
2142,casa nova,5.0,5.0,1.0,,
2143,castro alves,5.0,5.0,2.0,,
2144,catu,5.0,5.0,1.0,,
2145,central,5.0,5.0,1.0,,
2146,chorrocho,5.0,5.0,1.0,,
2147,cicero dantas,5.0,5.0,3.0,,
2148,cipo,5.0,5.0,2.0,,
2149,coaraci,5.0,5.0,2.0,,
2150,conceicao da feira,5.0,5.0,1.0,,
2151,conceicao do almeida,5.0,5.0,1.0,,
2152,conceicao do coite,5.0,5.0,1.0,,
2153,conceicao do jacuipe,5.0,5.0,1.0,,
2154,conde,5.0,5.0,1.0,,
2155,condeuba,5.0,5.0,3.0,,
2156,coracao de maria,5.0,5.0,1.0,,
2157,coribe,5.0,5.0,2.0,,
2158,correntina,5.0,5.0,1.0,,
2159,cotegipe,5.0,5.0,1.0,,
2160,cristopolis,5.0,5.0,1.0,,
2161,cruz das almas,5.0,5.0,1.0,,
2162,curaca,5.0,5.0,1.0,,
2163,dias davila,5.0,5.0,1.0,,
2164,encruzilhada,5.0,5.0,2.0,,
2165,entre rios,5.0,5.0,2.0,,
2166,esplanada,5.0,5.0,1.0,,
2167,euclides da cunha,5.0,5.0,2.0,,
2168,eunapolis,5.0,5.0,1.0,,
2169,feira de santana,5.0,5.0,2.0,,
2170,formosa do rio preto,5.0,5.0,1.0,,
2171,gandu,5.0,5.0,2.0,,
2172,gaviao,5.0,5.0,1.0,,
2173,gentio do ouro,5.0,5.0,1.0,,
2174,gloria,5.0,5.0,1.0,,
2175,governador mangabeira,5.0,5.0,1.0,,
2176,guanambi,5.0,5.0,2.0,,
2177,guaratinga,5.0,5.0,1.0,,
2178,iacu,5.0,5.0,1.0,,
2179,ibicarai,5.0,5.0,3.0,,
2180,ibicui,5.0,5.0,1.0,,
2181,ibiquera,5.0,5.0,1.0,,
2182,ibirapitanga,5.0,5.0,1.0,,
2183,ibirapua,5.0,5.0,2.0,,
2184,ibirataia,5.0,5.0,1.0,,
2185,ibitiara,5.0,5.0,2.0,,
2186,ibitita,5.0,5.0,1.0,,
2187,ibotirama,5.0,5.0,2.0,,
2188,ichu,5.0,5.0,2.0,,
2189,igapora,5.0,5.0,1.0,,
2190,iguai,5.0,5.0,1.0,,
2191,ilheus,5.0,5.0,1.0,,
2192,inhambupe,5.0,5.0,1.0,,
2193,ipiau,5.0,5.0,2.0,,
2194,ipira,5.0,5.0,2.0,,
2195,iramaia,5.0,5.0,1.0,,
2196,iraquara,5.0,5.0,1.0,,
2197,irara,5.0,5.0,5.0,,
2198,irece,5.0,5.0,1.0,,
2199,itabela,5.0,5.0,1.0,,
2200,itaberaba,5.0,5.0,1.0,,
2201,itabuna,5.0,5.0,2.0,,
2202,itacare,5.0,5.0,1.0,,
2203,itaete,5.0,5.0,1.0,,
2204,itagi,5.0,5.0,1.0,,
2205,itagiba,5.0,5.0,3.0,,
2206,itagimirim,5.0,5.0,1.0,,
2207,itajuipe,5.0,5.0,1.0,,
2208,itamaraju,5.0,5.0,2.0,,
2209,itamari,5.0,5.0,1.0,,
2210,itambe,5.0,5.0,1.0,,
2211,itanhem,5.0,5.0,2.0,,
2212,itaparica,5.0,5.0,2.0,,
2213,itapebi,5.0,5.0,1.0,,
2214,itapetinga,5.0,5.0,1.0,,
2215,itapicuru,5.0,5.0,1.0,,
2216,itapitanga,5.0,5.0,1.0,,
2217,itaquara,5.0,5.0,1.0,,
2218,itarantim,5.0,5.0,1.0,,
2219,itirucu,5.0,5.0,3.0,,
2220,itiuba,5.0,5.0,1.0,,
2221,itororo,5.0,5.0,3.0,,
2222,ituacu,5.0,5.0,2.0,,
2223,itubera,5.0,5.0,2.0,,
2224,jacaraci,5.0,5.0,2.0,,
2225,jacobina,5.0,5.0,6.0,,
2226,jaguaquara,5.0,5.0,2.0,,
2227,jaguarari,5.0,5.0,1.0,,
2228,jaguaripe,5.0,5.0,1.0,,
2229,jequie,5.0,5.0,2.0,,
2230,jeremoabo,5.0,5.0,4.0,,
2231,jiquirica,5.0,5.0,1.0,,
2232,jitauna,5.0,5.0,1.0,,
2233,joao dourado,5.0,5.0,1.0,,
2234,juazeiro,5.0,5.0,1.0,,
2235,jussara,5.0,5.0,1.0,,
2236,laje,5.0,5.0,2.0,,
2237,lapao,5.0,5.0,1.0,,
2238,lauro de freitas,5.0,5.0,1.0,,
2239,lencois,5.0,5.0,1.0,,
2240,licinio de almeida,5.0,5.0,1.0,,
2241,livramento de nossa senhora,5.0,5.0,2.0,,
2242,luis eduardo magalhaes,5.0,5.0,1.0,,
2243,macarani,5.0,5.0,2.0,,
2244,macaubas,5.0,5.0,2.0,,
2245,macurure,5.0,5.0,1.0,,
2246,mairi,5.0,5.0,2.0,,
2247,malhada,5.0,5.0,2.0,,
2248,maracas,5.0,5.0,2.0,,
2249,maragogipe,5.0,5.0,1.0,,
2250,marau,5.0,5.0,1.0,,
2251,marcionilio souza,5.0,5.0,1.0,,
2252,mata de sao joao,5.0,5.0,2.0,,
2253,medeiros neto,5.0,5.0,1.0,,
2254,miguel calmon,5.0,5.0,1.0,,
2255,milagres,5.0,5.0,1.0,,
2256,monte santo,5.0,5.0,1.0,,
2257,morpara,5.0,5.0,1.0,,
2258,morro do chapeu,5.0,5.0,3.0,,
2259,mucuge,5.0,5.0,1.0,,
2260,mucuri,5.0,5.0,1.0,,
2261,mundo novo,5.0,5.0,2.0,,
2262,muritiba,5.0,5.0,2.0,,
2263,mutuipe,5.0,5.0,1.0,,
2264,nazare,5.0,5.0,4.0,,
2265,nilo pecanha,5.0,5.0,1.0,,
2266,nordestina,5.0,5.0,1.0,,
2267,nova canaa,5.0,5.0,1.0,,
2268,nova fatima,5.0,5.0,1.0,,
2269,nova soure,5.0,5.0,1.0,,
2270,nova vicosa,5.0,5.0,1.0,,
2271,olindina,5.0,5.0,2.0,,
2272,oliveira dos brejinhos,5.0,5.0,1.0,,
2273,palmas de monte alto,5.0,5.0,2.0,,
2274,palmeiras,5.0,5.0,1.0,,
2275,paramirim,5.0,5.0,4.0,,
2276,paratinga,5.0,5.0,1.0,,
2277,paripiranga,5.0,5.0,2.0,,
2278,pau brasil,5.0,5.0,1.0,,
2279,paulo afonso,5.0,5.0,2.0,,
2280,pe de serra,5.0,5.0,1.0,,
2281,piata,5.0,5.0,3.0,,
2282,pilao arcado,5.0,5.0,1.0,,
2283,pindai,5.0,5.0,2.0,,
2284,pindobacu,5.0,5.0,2.0,,
2285,piritiba,5.0,5.0,1.0,,
2286,planalto,5.0,5.0,1.0,,
2287,pocoes,5.0,5.0,2.0,,
2288,pojuca,5.0,5.0,1.0,,
2289,porto seguro,5.0,5.0,1.0,,
2290,potiragua,5.0,5.0,1.0,,
2291,prado,5.0,5.0,1.0,,
2292,presidente dutra,5.0,5.0,1.0,,
2293,presidente janio quadros,5.0,5.0,2.0,,
2294,queimadas,5.0,5.0,1.0,,
2295,quixabeira,5.0,5.0,1.0,,
2296,remanso,5.0,5.0,2.0,,
2297,retirolandia,5.0,5.0,1.0,,
2298,riachao das neves,5.0,5.0,1.0,,
2299,riachao do jacuipe,5.0,5.0,1.0,,
2300,riacho de santana,5.0,5.0,2.0,,
2301,ribeira do pombal,5.0,5.0,2.0,,
2302,rio de contas,5.0,5.0,2.0,,
2303,rio do antonio,5.0,5.0,1.0,,
2304,rio real,5.0,5.0,2.0,,
2305,rodelas,5.0,5.0,1.0,,
2306,ruy barbosa,5.0,5.0,3.0,,
2307,salvador,5.0,5.0,1.0,,
2308,santa barbara,5.0,5.0,2.0,,
2309,santa cruz cabralia,5.0,5.0,1.0,,
2310,santa ines,5.0,5.0,3.0,,
2311,santa luzia,5.0,5.0,1.0,,
2312,santa maria da vitoria,5.0,5.0,2.0,,
2313,santa rita de cassia,5.0,5.0,2.0,,
2314,santa teresinha,5.0,5.0,1.0,,
2315,santaluz,5.0,5.0,1.0,,
2316,santana,5.0,5.0,2.0,,
2317,santo amaro,5.0,5.0,2.0,,
2318,santo antonio de jesus,5.0,5.0,3.0,,
2319,santo estevao,5.0,5.0,3.0,,
2320,sao desiderio,5.0,5.0,2.0,,
2321,sao domingos,5.0,5.0,1.0,,
2322,sao felipe,5.0,5.0,1.0,,
2323,sao felix,5.0,5.0,1.0,,
2324,sao francisco do conde,5.0,5.0,1.0,,
2325,sao gabriel,5.0,5.0,1.0,,
2326,sao goncalo dos campos,5.0,5.0,1.0,,
2327,sao jose do jacuipe,5.0,5.0,1.0,,
2328,sao sebastiao do passe,5.0,5.0,1.0,,
2329,sapeacu,5.0,5.0,1.0,,
2330,satiro dias,5.0,5.0,1.0,,
2331,saude,5.0,5.0,2.0,,
2332,seabra,5.0,5.0,1.0,,
2333,senhor do bonfim,5.0,5.0,2.0,,
2334,sento se,5.0,5.0,1.0,,
2335,serra dourada,5.0,5.0,3.0,,
2336,serra preta,5.0,5.0,1.0,,
2337,serrinha,5.0,5.0,3.0,,
2338,serrolandia,5.0,5.0,1.0,,
2339,simoes filho,5.0,5.0,1.0,,
2340,sobradinho,5.0,5.0,1.0,,
2341,souto soares,5.0,5.0,1.0,,
2342,tanhacu,5.0,5.0,1.0,,
2343,tanque novo,5.0,5.0,1.0,,
2344,taperoa,5.0,5.0,1.0,,
2345,teixeira de freitas,5.0,5.0,1.0,,
2346,teodoro sampaio,5.0,5.0,1.0,,
2347,teofilandia,5.0,5.0,1.0,,
2348,terra nova,5.0,5.0,1.0,,
2349,tremedal,5.0,5.0,1.0,,
2350,tucano,5.0,5.0,1.0,,
2351,uaua,5.0,5.0,1.0,,
2352,ubaira,5.0,5.0,1.0,,
2353,ubaitaba,5.0,5.0,2.0,,
2354,ubata,5.0,5.0,1.0,,
2355,uibai,5.0,5.0,1.0,,
2356,una,5.0,5.0,1.0,,
2357,urandi,5.0,5.0,1.0,,
2358,urucuca,5.0,5.0,1.0,,
2359,utinga,5.0,5.0,2.0,,
2360,valenca,5.0,5.0,3.0,,
2361,valente,5.0,5.0,1.0,,
2362,varzea do poco,5.0,5.0,1.0,,
2363,vitoria da conquista,5.0,5.0,1.0,,
2364,wanderley,5.0,5.0,1.0,,
2365,wenceslau guimaraes,5.0,5.0,2.0,,
2366,xiquexique,5.0,5.0,2.0,,
2367,acarape,6.0,6.0,1.0,,
2368,acarau,6.0,6.0,1.0,,
2369,acopiara,6.0,6.0,1.0,,
2370,aiuaba,6.0,6.0,1.0,,
2371,alto santo,6.0,6.0,2.0,,
2372,amontada,6.0,6.0,2.0,,
2373,aquiraz,6.0,6.0,1.0,,
2374,aracati,6.0,6.0,1.0,,
2375,araripe,6.0,6.0,2.0,,
2376,assare,6.0,6.0,3.0,,
2377,campos sales,6.0,6.0,2.0,,
2378,caridade,6.0,6.0,2.0,,
2379,caririacu,6.0,6.0,2.0,,
2380,eusebio,6.0,6.0,1.0,,
2381,farias brito,6.0,6.0,1.0,,
2382,forquilha,6.0,6.0,1.0,,
2383,fortaleza,6.0,6.0,1.0,,
2384,fortim,6.0,6.0,1.0,,
2385,frecheirinha,6.0,6.0,1.0,,
2386,graca,6.0,6.0,1.0,,
2387,granja,6.0,6.0,1.0,,
2388,guaraciaba do norte,6.0,6.0,1.0,,
2389,hidrolandia,6.0,6.0,1.0,,
2390,horizonte,6.0,6.0,1.0,,
2391,ibiapina,6.0,6.0,1.0,,
2392,ibicuitinga,6.0,6.0,2.0,,
2393,icapui,6.0,6.0,1.0,,
2394,ico,6.0,6.0,1.0,,
2395,iguatu,6.0,6.0,1.0,,
2396,independencia,6.0,6.0,1.0,,
2397,ipaumirim,6.0,6.0,3.0,,
2398,ipu,6.0,6.0,2.0,,
2399,ipueiras,6.0,6.0,1.0,,
2400,iracema,6.0,6.0,2.0,,
2401,iraucuba,6.0,6.0,2.0,,
2402,itaitinga,6.0,6.0,1.0,,
2403,itapaje,6.0,6.0,1.0,,
2404,itapipoca,6.0,6.0,1.0,,
2405,itapiuna,6.0,6.0,1.0,,
2406,itarema,6.0,6.0,1.0,,
2407,itatira,6.0,6.0,1.0,,
2408,jaguaretama,6.0,6.0,2.0,,
2409,jaguaribe,6.0,6.0,1.0,,
2410,jaguaruana,6.0,6.0,2.0,,
2411,jardim,6.0,6.0,1.0,,
2412,jijoca de jericoacoara,6.0,6.0,1.0,,
2413,juazeiro do norte,6.0,6.0,1.0,,
2414,jucas,6.0,6.0,2.0,,
2415,lavras da mangabeira,6.0,6.0,1.0,,
2416,limoeiro do norte,6.0,6.0,1.0,,
2417,madalena,6.0,6.0,1.0,,
2418,maracanau,6.0,6.0,1.0,,
2419,maranguape,6.0,6.0,2.0,,
2420,marco,6.0,6.0,1.0,,
2421,massape,6.0,6.0,2.0,,
2422,mauriti,6.0,6.0,1.0,,
2423,meruoca,6.0,6.0,2.0,,
2424,milagres,6.0,6.0,2.0,,
2425,missao velha,6.0,6.0,1.0,,
2426,mombaca,6.0,6.0,1.0,,
2427,monsenhor tabosa,6.0,6.0,1.0,,
2428,morada nova,6.0,6.0,1.0,,
2429,morrinhos,6.0,6.0,1.0,,
2430,mucambo,6.0,6.0,2.0,,
2431,mulungu,6.0,6.0,2.0,,
2432,nova olinda,6.0,6.0,2.0,,
2433,nova russas,6.0,6.0,1.0,,
2434,novo oriente,6.0,6.0,1.0,,
2435,ocara,6.0,6.0,1.0,,
2436,oros,6.0,6.0,1.0,,
2437,pacajus,6.0,6.0,1.0,,
2438,pacatuba,6.0,6.0,1.0,,
2439,pacoti,6.0,6.0,2.0,,
2440,paracuru,6.0,6.0,1.0,,
2441,paraipaba,6.0,6.0,1.0,,
2442,parambu,6.0,6.0,1.0,,
2443,pedra branca,6.0,6.0,1.0,,
2444,pentecoste,6.0,6.0,3.0,,
2445,pereiro,6.0,6.0,1.0,,
2446,pindoretama,6.0,6.0,1.0,,
2447,piquet carneiro,6.0,6.0,1.0,,
2448,porteiras,6.0,6.0,3.0,,
2449,quiterianopolis,6.0,6.0,1.0,,
2450,quixada,6.0,6.0,3.0,,
2451,quixelo,6.0,6.0,1.0,,
2452,quixeramobim,6.0,6.0,1.0,,
2453,quixere,6.0,6.0,1.0,,
2454,redencao,6.0,6.0,1.0,,
2455,reriutaba,6.0,6.0,1.0,,
2456,russas,6.0,6.0,2.0,,
2457,saboeiro,6.0,6.0,1.0,,
2458,santa quiteria,6.0,6.0,2.0,,
2459,santana do acarau,6.0,6.0,1.0,,
2460,santana do cariri,6.0,6.0,1.0,,
2461,sao benedito,6.0,6.0,1.0,,
2462,sao goncalo do amarante,6.0,6.0,1.0,,
2463,senador pompeu,6.0,6.0,1.0,,
2464,sobral,6.0,6.0,1.0,,
2465,solonopole,6.0,6.0,3.0,,
2466,tabuleiro do norte,6.0,6.0,2.0,,
2467,tamboril,6.0,6.0,1.0,,
2468,taua,6.0,6.0,2.0,,
2469,tiangua,6.0,6.0,1.0,,
2470,trairi,6.0,6.0,1.0,,
2471,ubajara,6.0,6.0,1.0,,
2472,umirim,6.0,6.0,2.0,,
2473,uruburetama,6.0,6.0,2.0,,
2474,uruoca,6.0,6.0,2.0,,
2475,varjota,6.0,6.0,1.0,,
2476,varzea alegre,6.0,6.0,1.0,,
2477,vicosa do ceara,6.0,6.0,1.0,,
2478,afonso claudio,8.0,8.0,1.0,,
2479,agua doce do norte,8.0,8.0,1.0,,
2480,aguia branca,8.0,8.0,1.0,,
2481,alegre,8.0,8.0,1.0,,
2482,alfredo chaves,8.0,8.0,1.0,,
2483,alto rio novo,8.0,8.0,1.0,,
2484,anchieta,8.0,8.0,1.0,,
2485,apiaca,8.0,8.0,1.0,,
2486,aracruz,8.0,8.0,1.0,,
2487,atilio vivacqua,8.0,8.0,1.0,,
2488,baixo guandu,8.0,8.0,1.0,,
2489,barra de sao francisco,8.0,8.0,1.0,,
2490,boa esperanca,8.0,8.0,1.0,,
2491,bom jesus do norte,8.0,8.0,1.0,,
2492,cachoeiro de itapemirim,8.0,8.0,1.0,,
2493,cariacica,8.0,8.0,1.0,,
2494,castelo,8.0,8.0,1.0,,
2495,colatina,8.0,8.0,1.0,,
2496,conceicao da barra,8.0,8.0,1.0,,
2497,conceicao do castelo,8.0,8.0,1.0,,
2498,domingos martins,8.0,8.0,1.0,,
2499,dores do rio preto,8.0,8.0,1.0,,
2500,ecoporanga,8.0,8.0,1.0,,
2501,fundao,8.0,8.0,1.0,,
2502,guacui,8.0,8.0,1.0,,
2503,guarapari,8.0,8.0,1.0,,
2504,ibatiba,8.0,8.0,1.0,,
2505,ibiracu,8.0,8.0,1.0,,
2506,ibitirama,8.0,8.0,1.0,,
2507,iconha,8.0,8.0,1.0,,
2508,itaguacu,8.0,8.0,1.0,,
2509,itapemirim,8.0,8.0,1.0,,
2510,itarana,8.0,8.0,1.0,,
2511,iuna,8.0,8.0,1.0,,
2512,jaguare,8.0,8.0,1.0,,
2513,jeronimo monteiro,8.0,8.0,1.0,,
2514,laranja da terra,8.0,8.0,1.0,,
2515,linhares,8.0,8.0,1.0,,
2516,mantenopolis,8.0,8.0,1.0,,
2517,marataizes,8.0,8.0,1.0,,
2518,marechal floriano,8.0,8.0,1.0,,
2519,marilandia,8.0,8.0,1.0,,
2520,mimoso do sul,8.0,8.0,1.0,,
2521,montanha,8.0,8.0,1.0,,
2522,mucurici,8.0,8.0,1.0,,
2523,muniz freire,8.0,8.0,1.0,,
2524,muqui,8.0,8.0,1.0,,
2525,nova venecia,8.0,8.0,1.0,,
2526,pancas,8.0,8.0,1.0,,
2527,pedro canario,8.0,8.0,1.0,,
2528,pinheiros,8.0,8.0,1.0,,
2529,piuma,8.0,8.0,1.0,,
2530,presidente kennedy,8.0,8.0,1.0,,
2531,rio bananal,8.0,8.0,1.0,,
2532,rio novo do sul,8.0,8.0,1.0,,
2533,santa leopoldina,8.0,8.0,1.0,,
2534,santa maria de jetiba,8.0,8.0,1.0,,
2535,santa teresa,8.0,8.0,1.0,,
2536,sao domingos do norte,8.0,8.0,1.0,,
2537,sao gabriel da palha,8.0,8.0,1.0,,
2538,sao jose do calcado,8.0,8.0,1.0,,
2539,sao mateus,8.0,8.0,1.0,,
2540,serra,8.0,8.0,1.0,,
2541,vargem alta,8.0,8.0,1.0,,
2542,venda nova do imigrante,8.0,8.0,1.0,,
2543,viana,8.0,8.0,1.0,,
2544,vila velha,8.0,8.0,1.0,,
2545,vitoria,8.0,8.0,1.0,,
2546,abadiania,9.0,9.0,1.0,,
2547,acreuna,9.0,9.0,1.0,,
2548,aguas lindas de goias,9.0,9.0,1.0,,
2549,alexania,9.0,9.0,1.0,,
2550,alto paraiso de goias,9.0,9.0,1.0,,
2551,alvorada do norte,9.0,9.0,6.0,,
2552,anapolis,9.0,9.0,3.0,,
2553,anicuns,9.0,9.0,2.0,,
2554,aparecida de goiania,9.0,9.0,1.0,,
2555,aracu,9.0,9.0,2.0,,
2556,aragarcas,9.0,9.0,3.0,,
2557,aruana,9.0,9.0,1.0,,
2558,aurilandia,9.0,9.0,2.0,,
2559,barro alto,9.0,9.0,1.0,,
2560,bela vista de goias,9.0,9.0,1.0,,
2561,bom jesus de goias,9.0,9.0,1.0,,
2562,buriti alegre,9.0,9.0,2.0,,
2563,cachoeira alta,9.0,9.0,1.0,,
2564,cacu,9.0,9.0,3.0,,
2565,caiaponia,9.0,9.0,3.0,,
2566,caldas novas,9.0,9.0,3.0,,
2567,campinorte,9.0,9.0,3.0,,
2568,campos belos,9.0,9.0,2.0,,
2569,carmo do rio verde,9.0,9.0,2.0,,
2570,catalao,9.0,9.0,4.0,,
2571,cavalcante,9.0,9.0,2.0,,
2572,ceres,9.0,9.0,3.0,,
2573,cidade ocidental,9.0,9.0,1.0,,
2574,corumba de goias,9.0,9.0,1.0,,
2575,corumbaiba,9.0,9.0,1.0,,
2576,cristalina,9.0,9.0,1.0,,
2577,crixas,9.0,9.0,2.0,,
2578,crominia,9.0,9.0,2.0,,
2579,cumari,9.0,9.0,2.0,,
2580,edeia,9.0,9.0,2.0,,
2581,estrela do norte,9.0,9.0,2.0,,
2582,fazenda nova,9.0,9.0,2.0,,
2583,firminopolis,9.0,9.0,1.0,,
2584,formosa,9.0,9.0,5.0,,
2585,formoso,9.0,9.0,4.0,,
2586,goianapolis,9.0,9.0,2.0,,
2587,goiandira,9.0,9.0,2.0,,
2588,goianesia,9.0,9.0,3.0,,
2589,goiania,9.0,9.0,1.0,,
2590,goianira,9.0,9.0,4.0,,
2591,goias,9.0,9.0,1.0,,
2592,goiatuba,9.0,9.0,1.0,,
2593,guapo,9.0,9.0,3.0,,
2594,hidrolandia,9.0,9.0,1.0,,
2595,iaciara,9.0,9.0,3.0,,
2596,inhumas,9.0,9.0,2.0,,
2597,ipameri,9.0,9.0,2.0,,
2598,ipora,9.0,9.0,3.0,,
2599,israelandia,9.0,9.0,2.0,,
2600,itaberai,9.0,9.0,2.0,,
2601,itaguaru,9.0,9.0,1.0,,
2602,itaja,9.0,9.0,3.0,,
2603,itapaci,9.0,9.0,4.0,,
2604,itapirapua,9.0,9.0,2.0,,
2605,itapuranga,9.0,9.0,2.0,,
2606,itaucu,9.0,9.0,1.0,,
2607,itumbiara,9.0,9.0,1.0,,
2608,ivolandia,9.0,9.0,2.0,,
2609,jandaia,9.0,9.0,2.0,,
2610,jaragua,9.0,9.0,3.0,,
2611,jatai,9.0,9.0,4.0,,
2612,joviania,9.0,9.0,2.0,,
2613,jussara,9.0,9.0,3.0,,
2614,leopoldo de bulhoes,9.0,9.0,2.0,,
2615,luziania,9.0,9.0,1.0,,
2616,mara rosa,9.0,9.0,2.0,,
2617,minacu,9.0,9.0,2.0,,
2618,mineiros,9.0,9.0,3.0,,
2619,montes claros de goias,9.0,9.0,1.0,,
2620,morrinhos,9.0,9.0,1.0,,
2621,mossamedes,9.0,9.0,2.0,,
2622,mozarlandia,9.0,9.0,2.0,,
2623,nazario,9.0,9.0,2.0,,
2624,neropolis,9.0,9.0,2.0,,
2625,niquelandia,9.0,9.0,2.0,,
2626,nova crixas,9.0,9.0,2.0,,
2627,novo gama,9.0,9.0,1.0,,
2628,orizona,9.0,9.0,1.0,,
2629,padre bernardo,9.0,9.0,2.0,,
2630,palmeiras de goias,9.0,9.0,2.0,,
2631,panama,9.0,9.0,1.0,,
2632,paranaiguara,9.0,9.0,1.0,,
2633,parauna,9.0,9.0,2.0,,
2634,petrolina de goias,9.0,9.0,2.0,,
2635,piracanjuba,9.0,9.0,1.0,,
2636,piranhas,9.0,9.0,2.0,,
2637,pirenopolis,9.0,9.0,1.0,,
2638,pires do rio,9.0,9.0,1.0,,
2639,planaltina,9.0,9.0,2.0,,
2640,pontalina,9.0,9.0,3.0,,
2641,porangatu,9.0,9.0,2.0,,
2642,posse,9.0,9.0,1.0,,
2643,quirinopolis,9.0,9.0,2.0,,
2644,rialma,9.0,9.0,3.0,,
2645,rio verde,9.0,9.0,2.0,,
2646,rubiataba,9.0,9.0,3.0,,
2647,sanclerlandia,9.0,9.0,2.0,,
2648,santa cruz de goias,9.0,9.0,3.0,,
2649,santa helena de goias,9.0,9.0,1.0,,
2650,santa terezinha de goias,9.0,9.0,2.0,,
2651,santo antonio do descoberto,9.0,9.0,1.0,,
2652,sao domingos,9.0,9.0,2.0,,
2653,sao luis de montes belos,9.0,9.0,2.0,,
2654,sao miguel do araguaia,9.0,9.0,2.0,,
2655,sao simao,9.0,9.0,1.0,,
2656,senador canedo,9.0,9.0,2.0,,
2657,silvania,9.0,9.0,2.0,,
2658,taquaral de goias,9.0,9.0,2.0,,
2659,trindade,9.0,9.0,2.0,,
2660,turvania,9.0,9.0,2.0,,
2661,uruacu,9.0,9.0,2.0,,
2662,uruana,9.0,9.0,1.0,,
2663,urutai,9.0,9.0,1.0,,
2664,valparaiso de goias,9.0,9.0,1.0,,
2665,varjao,9.0,9.0,1.0,,
2666,vianopolis,9.0,9.0,2.0,,
